neighbourhood,listing_count,low_confidence,neighbourhood_group,centroid_lat,centroid_lon,tour_reviews_per_month_mean,tour_reviews_per_month_median,tour_reviews_total_mean,tour_entire_home_share,tour_dist_hollywood_km_median,tour_dist_downtown_km_median,tour_dist_universal_km_median,tour_dist_disneyland_km_median,tour_dist_coast_km_median,host_hhi,host_share_10plus,host_top5_share,host_multilisting_share,reg_min30_share,reg_min_nights_median,tenure_months_median,tenure_supporting_listings,rev_uncapped_median,rev_capped_median,rev_supporting_listings,occ_booked_days_median,occ_zero_availability_share,rev_divergence_ratio,occ_proxy_unreliable,price_median,price_iqr,price_cv,price_gini,price_median_entire_home_apt,price_median_hotel_room,price_median_private_room,price_median_shared_room,inactivity_never_reviewed_share,inactivity_stale_since_covid_share,topic_0_loading,topic_1_loading,topic_2_loading,topic_3_loading,topic_4_loading
Acton,3,True,Unincorporated Areas,34.49901,-118.17164333333334,0.95,0.95,2.0,0.3333333333333333,46.62019927381104,50.233569382995604,43.134640508958405,80.80904547049298,61.62200940804133,0.3333333333333333,0.0,1.0,0.0,0.0,2.0,6.315789473684211,1,624.0,624.0,1,73.0,0.0,1.0,False,104.0,80.0,0.5939912401333862,0.23494860499265785,104.0,,175.0,,0.6666666666666666,0.0,0.041535379515182956,0.11364250936910447,0.1728669875881832,0.1120736169580875,0.2265481732361085
Adams-Normandie,41,True,City of Los Angeles,34.03192463414634,-118.29992951219513,1.4703225806451612,0.8,36.53658536585366,0.2682926829268293,8.525399739970904,5.669323663016562,12.707992766551696,42.82681523529409,16.512767392789286,0.041046995835812006,0.0,0.3170731707317073,0.5853658536585366,0.3902439024390244,3.0,33.333333333333336,31,3150.0,937.5,31,276.0,0.1951219512195122,3.36,False,60.0,53.0,0.7804261762849495,0.36531230339297993,139.0,,50.0,40.0,0.24390243902439024,0.34146341463414637,0.07942761459842063,0.11722921360204665,0.11613427004084717,0.42554897713312173,0.09092821730849064
Agoura Hills,37,True,Other Cities,34.14991054054054,-118.75841054054055,0.8097142857142857,0.47,27.054054054054053,0.43243243243243246,38.66082664406853,48.53294000589844,37.022042640393366,86.04193066339084,14.671799013372162,0.04309715120525933,0.0,0.32432432432432434,0.32432432432432434,0.1891891891891892,3.0,33.333333333333336,35,1960.0,1800.0,35,46.0,0.2702702702702703,1.0888888888888888,False,85.0,132.0,1.6716844994688635,0.5874032017928542,305.5,,75.0,,0.05405405405405406,0.43243243243243246,0.09224958339660924,0.16835910236857798,0.15081572964756404,0.3235963141725466,0.10281710825253995
Agua Dulce,13,True,Unincorporated Areas,34.50226307692308,-118.3239976923077,1.0408333333333333,0.71,38.46153846153846,0.6923076923076923,45.22103339567577,50.978989769171754,41.24432888824571,85.6519982392325,56.15325997333238,0.14792899408284024,0.0,0.7692307692307693,0.6923076923076923,0.15384615384615385,2.0,46.453126451732786,12,2720.5,2720.5,12,146.0,0.0,1.0,False,89.0,66.0,1.4146142913127244,0.5651110606862819,110.0,,68.5,,0.07692307692307693,0.46153846153846156,0.05400996367818466,0.17285120233622447,0.17443067842845952,0.36778861342010044,0.15399646521395402
Alhambra,258,False,Other Cities,34.08491352713178,-118.13349201550388,1.8973684210526316,1.565,42.97674418604651,0.4806201550387597,19.228782210065077,10.883364481301438,21.17121937856291,36.18198941556594,32.85769288120881,0.00904392764857881,0.06201550387596899,0.10077519379844961,0.6395348837209303,0.050387596899224806,2.0,23.472022955523673,228,2045.5,1806.0,228,234.0,0.2441860465116279,1.1326135105204873,False,70.0,75.75,0.8184039681818741,0.3687139391773755,124.5,,50.0,44.5,0.11627906976744186,0.31007751937984496,0.17454297187382856,0.15909904915207368,0.12089869326576956,0.24144013951251658,0.08308891363767211
Alondra Park,13,True,Unincorporated Areas,33.89187923076923,-118.33573076923076,2.018181818181818,1.72,40.0,0.6923076923076923,23.25773136361869,19.922198710277105,27.34822883309122,39.39568997601563,6.973086448169914,0.07692307692307694,0.0,0.38461538461538464,0.07692307692307693,0.07692307692307693,2.0,26.724137931034484,11,4950.0,4227.5,11,164.0,0.15384615384615385,1.1709047900650502,False,110.0,130.0,0.6100105768082402,0.32698306060751475,120.0,,39.0,,0.15384615384615385,0.23076923076923078,0.2168235831087042,0.21960547252082546,0.1117018326386571,0.29630184634898715,0.15556726538282611
Altadena,228,False,Unincorporated Areas,34.18970144736842,-118.13552798245614,1.3318536585365852,0.84,38.44298245614035,0.6798245614035088,21.043283169061077,18.2440615342056,20.72372179272022,46.55448059149421,38.24665759080128,0.010811018775007694,0.07017543859649122,0.13596491228070176,0.5,0.017543859649122806,2.0,34.23913043478261,205,3003.0,2700.0,205,223.5,0.2149122807017544,1.1122222222222222,False,100.0,111.0,1.3050895885709783,0.4791009048472379,125.0,,61.0,,0.10087719298245613,0.3333333333333333,0.14993728482189508,0.1809715886400184,0.15978184655714273,0.3174665605341394,0.09535149137662895
Angeles Crest,3,True,Unincorporated Areas,34.32172333333333,-117.65694333333333,1.8466666666666667,2.25,82.66666666666667,0.6666666666666666,69.43036599951544,64.17404584636142,68.94716154455818,66.13846765337281,83.90982089545683,0.3333333333333333,0.0,1.0,0.0,0.0,2.0,32.888888888888886,3,7920.0,7920.0,3,195.0,0.0,1.0,False,125.0,168.0,0.9202114827146298,0.3855421686746988,260.5,,60.0,,0.0,0.0,0.3635404760217502,0.01154759551908229,0.15973140671018518,0.13184718841564894,0.0
Arcadia,185,False,Other Cities,34.12817264864865,-118.04076724324324,0.747972027972028,0.33,13.41081081081081,0.31891891891891894,27.633344381626397,20.09823207868176,29.032829580184906,37.05896465671987,42.11595987183133,0.01054784514243973,0.05945945945945946,0.11351351351351352,0.6162162162162163,0.11891891891891893,2.0,23.076923076923077,143,789.0,437.5,143,202.0,0.2864864864864865,1.8034285714285714,False,80.0,94.0,1.2478571750321952,0.4491144378913923,153.0,,60.0,50.0,0.22702702702702704,0.5081081081081081,0.12641235607609225,0.11390225467079178,0.1416269481361845,0.21036856944319698,0.09417635816022095
Arleta,5,True,City of Los Angeles,34.244158,-118.438232,1.392,0.52,21.4,0.4,18.874100577130935,28.50446489774042,14.806673072777924,68.55937027934343,25.75017663937527,0.28,0.0,1.0,0.6,0.2,1.0,16.071428571428573,5,702.0,364.0,5,38.0,0.0,1.9285714285714286,False,52.0,2.0,0.1982398487432781,0.08529411764705883,61.5,,52.0,,0.0,0.0,0.273411349087463,0.08270410559519917,0.1292378798719517,0.22910848034955858,0.0855381850958276
Arlington Heights,128,False,City of Los Angeles,34.0463325,-118.31967703125,1.131188118811881,0.46,27.359375,0.140625,6.325231595513126,7.090423399851766,10.56456955525655,45.24844659973404,15.457491268357899,0.0804443359375,0.4453125,0.5234375,0.859375,0.40625,2.0,26.470588235294116,101,1320.0,480.0,101,46.0,0.09375,2.75,False,30.0,34.5,2.0029737797246767,0.5065781702784428,125.0,,56.0,30.0,0.2109375,0.40625,0.12632203805301265,0.15759341505074725,0.1810525731377383,0.2937141106677023,0.16319286309079944
Artesia,10,True,Other Cities,33.864065,-118.080229,2.3899999999999997,3.04,22.4,0.4,35.89921210128607,26.085997215299187,39.76159776978853,15.640464715325509,15.991690273261744,0.4,0.1,1.0,0.8,0.1,1.0,9.904153354632589,9,892.5,892.5,9,21.0,0.1,1.0,False,65.5,139.0,1.087131506655935,0.49672727272727274,299.0,,50.5,,0.1,0.3,0.0051817250035479665,0.025740325512381472,0.020333510415679032,0.33867962548463576,0.010064813583755767
Athens,4,True,Unincorporated Areas,33.92106,-118.299745,2.73,2.73,44.5,0.25,20.54343738099068,15.678365785409833,24.763965551244507,37.19798087125919,10.979865375168828,0.25,0.0,1.0,0.0,0.25,1.5,40.25040673410201,2,3565.5,3565.5,2,231.5,0.0,1.0,False,80.5,23.25,0.4245090484659845,0.18261455525606468,150.0,,80.0,,0.5,0.0,0.0188681998087133,0.13727778283592224,0.17772558469627225,0.3809373270755418,0.03519110558355036
Atwater Village,89,True,City of Los Angeles,34.117712022471906,-118.26058808988763,1.73375,1.605,63.42696629213483,0.7752808988764045,7.505168013025917,7.215609556637035,8.922254818104557,46.25845428184519,24.269370058660527,0.02057820982199217,0.02247191011235955,0.20224719101123595,0.449438202247191,0.43820224719101125,7.0,38.74542124542124,80,15873.0,9420.5,80,278.0,0.21348314606741572,1.6849424128230985,False,129.0,123.0,0.602738036408596,0.31011580880767803,149.0,,68.5,,0.10112359550561797,0.42696629213483145,0.11607962228961773,0.2282934454770792,0.13995020817451415,0.2572760139004064,0.1797490247651241
Avalon,149,False,Other Cities,33.346274563758385,-118.32832134228188,1.5642622950819673,1.22,17.86577181208054,0.9664429530201343,84.32844416420681,79.3804786845269,88.41175345306345,64.38891750952283,0.0,0.41930543669204084,0.7516778523489933,0.785234899328859,0.8590604026845637,0.0,2.0,13.592233009708737,61,7380.0,7380.0,61,35.0,0.006711409395973154,1.0,False,450.0,219.0,0.4584900531989251,0.23973296954679638,461.0,,352.0,,0.5906040268456376,0.040268456375838924,0.07995635344192323,0.27034399500825806,0.20032234228304743,0.2603107756977284,0.1353752584012576
Avocado Heights,10,True,Unincorporated Areas,34.036356999999995,-117.99902,1.7844444444444443,1.1,34.8,0.3,32.49856182449237,22.8368954782917,34.797090563576376,26.168188171557112,36.034702616778546,0.28,0.0,1.0,0.7,0.0,1.5,17.441860465116278,9,580.0,580.0,9,197.0,0.1,1.0,False,47.0,16.0,1.4592514703672514,0.5627132412672624,299.0,,42.0,,0.1,0.2,0.06668708671041837,0.09486635395806431,0.12341645805517147,0.16850848818930705,0.046521613087038796
Azusa,66,True,Other Cities,34.13115318181818,-117.90375393939394,1.2960714285714285,0.895,29.40909090909091,0.3787878787878788,40.39256382576059,32.55533241690772,41.43894420304835,35.2585443720871,49.607097724727595,0.03305785123966942,0.045454545454545456,0.2878787878787879,0.6212121212121212,0.0,2.0,24.13580913311022,56,1488.25,1488.25,56,186.0,0.15151515151515152,1.0,False,77.5,56.0,0.8059834315177008,0.37742450715659803,164.0,,60.0,,0.15151515151515152,0.36363636363636365,0.12558887146722342,0.15910175260259685,0.18752981711301464,0.2487448424565147,0.14267107999701403
Baldwin Hills/Crenshaw,74,True,City of Los Angeles,34.01549635135135,-118.3549889189189,1.0182758620689656,0.47,24.37837837837838,0.44594594594594594,9.604723487787604,11.169132549718995,13.55281313841674,45.85224722597459,10.987717849920951,0.02300949598246896,0.013513513513513514,0.22972972972972974,0.3108108108108108,0.40540540540540543,6.0,30.25,58,3860.0,1605.0,58,277.0,0.2702702702702703,2.4049844236760123,False,76.0,44.5,0.8011087464182629,0.3509169067544702,100.0,,61.0,67.5,0.21621621621621623,0.4864864864864865,0.15673603417201512,0.21260403944240927,0.15250788826640158,0.25898185546010183,0.1110620745509641
Baldwin Park,30,True,Other Cities,34.08401633333333,-117.97071833333332,1.0721739130434782,0.64,16.166666666666668,0.26666666666666666,33.9980909314301,25.273102609712375,35.79558610899157,30.866589932306333,42.06152963406828,0.04666666666666667,0.0,0.3333333333333333,0.36666666666666664,0.03333333333333333,2.0,15.094339622641508,23,780.0,720.0,23,203.5,0.13333333333333333,1.0833333333333333,False,72.5,70.5,0.5838241772275861,0.30552731065050187,132.0,,56.0,78.5,0.23333333333333334,0.4,0.23714782819499378,0.06763077972048606,0.13454300550472015,0.2033718415420288,0.12397321170443784
Bel-Air,56,True,City of Los Angeles,34.09539732142857,-118.45980517857143,0.8933333333333334,0.54,9.0,0.875,11.388952970795977,20.5577922808203,11.030178141070119,58.65865625698435,9.914441181869297,0.033801020408163254,0.21428571428571427,0.30357142857142855,0.625,0.35714285714285715,3.5,16.0,27,8190.0,5119.5,27,132.0,0.125,1.599765602109581,False,868.0,2674.5,1.674515960763285,0.6652655472061201,1214.0,,140.0,,0.5178571428571429,0.19642857142857142,0.05199067105488837,0.28400141023388253,0.13769526474565805,0.19937660853774797,0.11265033114210879
Bell,4,True,Other Cities,33.9760425,-118.18163,3.5599999999999996,2.4749999999999996,147.75,0.5,20.191778415327438,10.333724612626494,23.995591965853723,30.354029224177403,23.494878368305027,0.25,0.0,1.0,0.25,0.0,2.0,46.71407413033572,4,9549.5,9549.5,4,57.5,0.0,1.0,False,64.5,20.5,0.3832668910392022,0.17173913043478262,72.5,,42.5,,0.0,0.0,0.09037065986174864,0.16315342718206485,0.14301498048153488,0.4353141330051748,0.16814679946947686
Bell Gardens,4,True,Other Cities,33.96888,-118.15383750000001,1.3,0.29,10.25,0.5,22.671556907097127,12.58564269279867,26.375111520648765,27.794193464131382,24.083349711681507,0.25,0.0,1.0,0.0,0.25,4.5,24.13793103448276,3,4200.0,700.0,3,113.0,0.0,6.0,False,61.0,66.25,0.7690444605302441,0.33651026392961875,130.5,,40.0,,0.25,0.5,0.3975051102790988,0.158754677830646,0.10026830398202602,0.1859610165400688,0.1575108913681604
Bellflower,29,True,Other Cities,33.882983448275866,-118.12679137931035,1.8990909090909092,1.1600000000000001,37.55172413793103,0.4482758620689655,31.634717114599464,22.00698471746033,35.56758644027662,20.352845737823472,15.196887265046144,0.04875148632580262,0.0,0.3103448275862069,0.2413793103448276,0.034482758620689655,2.0,22.322775263951733,22,1359.0,1248.0,22,282.0,0.20689655172413793,1.0889423076923077,False,70.0,42.0,0.6084481764416173,0.2879631612765046,100.0,,65.0,,0.2413793103448276,0.27586206896551724,0.13158100926851196,0.16617827069177493,0.1611175711569238,0.20099299854326522,0.09875083999469651
Beverly Crest,143,False,City of Los Angeles,34.108269650349655,-118.42132930069931,1.2748101265822784,0.76,19.79020979020979,0.8531468531468531,7.853064924897571,17.59229082904401,7.297845177316796,56.96447911582418,13.059080125826293,0.013252481783950313,0.1888111888111888,0.15384615384615385,0.6153846153846154,0.27972027972027974,4.0,26.605504587155963,79,11700.0,6142.5,79,162.0,0.16783216783216784,1.9047619047619047,False,819.0,1621.5,1.2458739708550122,0.5766219366481442,935.5,,91.0,,0.44755244755244755,0.21678321678321677,0.06588793448112024,0.25373582380872306,0.15633476643100905,0.22794791283881893,0.14224740859417484
Beverly Grove,422,False,City of Los Angeles,34.07607436018957,-118.3722213507109,1.0926732673267325,0.65,24.687203791469194,0.7251184834123223,4.193441420993242,12.064884192213652,7.285113265186767,51.15296721755085,13.437680036720648,0.006064553806069046,0.17772511848341233,0.1018957345971564,0.514218009478673,0.495260663507109,21.0,26.760563380281692,303,6955.0,3255.0,303,194.0,0.22511848341232227,2.1367127496159752,False,150.0,186.25,1.3931688586382802,0.5427320769367017,189.0,168.0,95.0,34.0,0.28199052132701424,0.3909952606635071,0.07702748607560758,0.23619383659213433,0.15496654015740086,0.264337341789804,0.17268806552723331
Beverly Hills,540,False,Other Cities,34.069588277777775,-118.3949182962963,0.999968847352025,0.41,17.961111111111112,0.7,6.36156323908992,14.113060206450163,8.669122364815513,52.32464132317867,11.381146790028248,0.007187928669410149,0.23148148148148148,0.13148148148148148,0.5944444444444444,0.26296296296296295,3.0,31.25,321,4550.0,2290.0,321,186.5,0.17407407407407408,1.9868995633187774,False,180.0,281.0,2.560538714541226,0.751892653085228,217.0,474.0,100.5,22.0,0.40555555555555556,0.3111111111111111,0.09152690932206196,0.22505076276657704,0.1462530074140121,0.2546070733575151,0.19922891380650043
Beverlywood,25,True,City of Los Angeles,34.0452236,-118.3918728,1.7225000000000001,1.19,46.68,0.72,7.770421525142235,13.80831215234561,10.648715502608733,50.59148469411812,9.896663405816275,0.0656,0.08,0.44,0.48,0.68,30.0,34.92009685230024,20,58785.0,10541.25,20,92.0,0.24,5.576663109213803,False,95.0,41.0,1.4073720605430609,0.44490601503759397,115.5,,75.0,,0.2,0.44,0.07070664651508808,0.12446723646270959,0.17378776102686516,0.39252878078082004,0.07850957521451708
Boyle Heights,96,True,City of Los Angeles,34.043736145833336,-118.20830708333334,1.8530952380952381,1.435,35.427083333333336,0.53125,13.770889598497426,3.554234802133461,17.0759410504904,37.107431091711106,24.47133500335854,0.03602430555555557,0.13541666666666666,0.3229166666666667,0.6979166666666666,0.375,2.0,17.600587502225387,84,2825.0,1320.0,84,211.0,0.20833333333333334,2.140151515151515,False,81.5,65.0,0.6357063275669831,0.3297643849206349,100.0,,57.5,20.0,0.125,0.2604166666666667,0.14198741572736132,0.09565346918777347,0.09367040642942114,0.520477774171863,0.07529426781691435
Bradbury,2,True,Other Cities,34.14591,-117.96939,0.17,0.17,3.5,1.0,34.47140920443114,27.19094022287208,35.352553863039475,37.42339485382925,48.01325109122644,0.5,0.0,1.0,0.5,0.0,3.0,19.642857142857142,2,550.0,550.0,2,325.0,0.5,1.0,True,155.0,95.0,0.8667760543577034,0.3064516129032258,155.0,,,,0.0,1.0,0.12825876311837872,0.03572535561860909,0.0250880613765269,0.057110886279372955,0.2538169336071123
Brentwood,198,False,City of Los Angeles,34.05651207070707,-118.47434843434343,0.8402419354838709,0.455,15.621212121212121,0.7323232323232324,13.108231271616336,20.819165180592382,14.289043924843348,57.30707537970137,5.589312918488262,0.010713192531374352,0.19696969696969696,0.16161616161616163,0.40404040404040403,0.5555555555555556,30.0,26.006441223832525,124,7167.0,2910.0,124,275.0,0.3383838383838384,2.4628865979381445,True,134.0,153.5,1.9042749142942197,0.6372057500603064,160.0,,74.5,85.0,0.37373737373737376,0.3939393939393939,0.09782595075030451,0.21209974175193527,0.14974003296540112,0.2493018095391288,0.1395173134780788
Broadway-Manchester,8,True,City of Los Angeles,33.94281625,-118.27594,1.7375,1.145,28.0,0.5,17.56045948153131,11.678636993166588,21.79671822361024,36.2628192813757,14.258073837119861,0.21875,0.0,0.875,0.5,0.125,2.0,10.729166666666668,8,487.5,440.5,8,284.5,0.375,1.1066969353007945,True,49.5,43.5,0.7503450608486053,0.3380541871921182,103.0,,39.0,,0.0,0.25,0.1276327251006227,0.1365271480689591,0.11605056811366973,0.27753053365460933,0.21725902506213918
Burbank,331,False,Other Cities,34.17225561933535,-118.32902984894261,1.7994181818181818,1.13,51.196374622356494,0.6555891238670695,7.953087484344472,15.398713819486975,4.521440083469383,54.852711064056166,23.648416301135384,0.006672082219037795,0.0755287009063444,0.09969788519637462,0.4380664652567976,0.1661631419939577,2.0,33.333333333333336,275,5346.0,3375.0,275,226.0,0.24471299093655588,1.584,False,100.0,75.0,1.3815117985003789,0.41631684344023695,121.0,,65.0,30.0,0.1691842900302115,0.3021148036253776,0.12715441707422726,0.1573496435371027,0.1548296658358608,0.3620497364568415,0.1230878361896233
Calabasas,55,True,Other Cities,34.14170309090909,-118.67298527272727,0.6457894736842105,0.275,18.87272727272727,0.4727272727272727,32.03326817796002,42.00918174419821,30.247082427313472,80.13711488865351,11.379814047184968,0.024793388429752053,0.0,0.21818181818181817,0.2727272727272727,0.2909090909090909,4.0,33.105022831050235,38,4630.0,1990.0,38,221.0,0.3090909090909091,2.3266331658291457,True,89.0,214.0,2.0095489705386242,0.6374589266155531,291.0,,65.0,67.0,0.3090909090909091,0.43636363636363634,0.07618876677358632,0.2074627798988285,0.22467556803621472,0.2413058328445605,0.14127614335590086
Canoga Park,61,True,City of Los Angeles,34.207095573770495,-118.5996037704918,1.5107317073170732,0.5,24.40983606557377,0.3442622950819672,26.66058272157247,36.995969787187455,24.116636982052594,76.50028326295335,18.77074709498602,0.02821822090835797,0.03278688524590164,0.26229508196721313,0.45901639344262296,0.4262295081967213,5.0,20.508474576271187,41,3750.0,1687.5,41,226.0,0.3114754098360656,2.2222222222222223,True,68.0,50.0,1.004186561630126,0.3950109784887656,100.0,,54.0,75.0,0.32786885245901637,0.3114754098360656,0.16140150199029413,0.17768716004348334,0.2259010819193655,0.21044797290988543,0.12620162739926669
Carson,79,True,Other Cities,33.8343964556962,-118.2664775949367,1.9581818181818182,1.565,41.9873417721519,0.25316455696202533,31.104302287370082,25.115247285796165,35.330461928086976,32.64097372693224,10.708371290840129,0.024835763499439185,0.0,0.22784810126582278,0.6075949367088608,0.0379746835443038,2.0,22.45857699805068,66,1881.0,1637.5,66,196.0,0.27848101265822783,1.148702290076336,False,58.0,36.5,0.5551305673231588,0.27140514958215234,90.0,,50.0,35.0,0.16455696202531644,0.25316455696202533,0.17243473389877825,0.10528503949986345,0.15820675779334606,0.39796791739151416,0.09015618432789049
Carthay,69,True,City of Los Angeles,34.05838173913043,-118.3693520289855,1.3992857142857142,0.64,45.3768115942029,0.5652173913043478,5.5680726709847095,11.636676363351688,9.044191709740547,49.708453613762956,12.26431048600897,0.025414828817475327,0.0,0.2318840579710145,0.4492753623188406,0.4782608695652174,5.0,38.70592149035262,56,9694.5,4925.75,56,188.0,0.18840579710144928,1.9681266812160585,False,110.0,75.0,1.6600986610475892,0.5279095407039796,150.0,,73.5,,0.18840579710144928,0.4057971014492754,0.07796641679527443,0.1721759835627101,0.19987198479652643,0.27851466038326456,0.22799269359265928
Castaic,11,True,Unincorporated Areas,34.48043454545455,-118.62987090909091,3.0854545454545454,2.69,82.81818181818181,0.45454545454545453,50.01316760059508,59.3842280194413,45.908439989888606,98.98977641239829,49.49981561222108,0.14049586776859505,0.0,0.6363636363636364,0.2727272727272727,0.0,1.0,26.729559748427672,11,2712.0,2712.0,11,156.0,0.09090909090909091,1.0,False,72.0,43.0,1.369060038480178,0.4496877168632894,96.0,,50.0,,0.0,0.18181818181818182,0.28496326356162177,0.09486002937059732,0.12280814404324407,0.22397805370223614,0.09157232750411891
Castaic Canyons,17,True,Unincorporated Areas,34.47280823529412,-118.50126647058823,1.5127272727272727,0.47,29.470588235294116,0.5294117647058824,43.52749832340355,51.90126218483693,39.30683082797009,90.69525759963332,47.120038682967156,0.058823529411764705,0.0,0.29411764705882354,0.058823529411764705,0.17647058823529413,2.0,37.5,11,10800.0,4750.0,11,187.0,0.11764705882352941,2.2736842105263158,False,82.0,335.0,1.079551126336692,0.5213267434219924,400.0,,65.0,,0.35294117647058826,0.29411764705882354,0.15863928994842308,0.17637835189574252,0.08103546376995795,0.2758518081093145,0.1904480274530325
Central-Alameda,11,True,City of Los Angeles,34.00654545454545,-118.25173818181817,0.42600000000000005,0.2,4.909090909090909,0.18181818181818182,13.315262837932092,5.061751132028718,17.320688299712426,37.51628235510176,19.212280171352273,0.12396694214876033,0.0,0.6363636363636364,0.36363636363636365,0.18181818181818182,1.0,26.515151515151516,5,180.0,180.0,5,274.0,0.36363636363636365,1.0,True,52.0,28.0,1.835256853450973,0.6195796050193254,540.0,,51.0,25.0,0.5454545454545454,0.36363636363636365,0.29728538963837736,0.08053845539198018,0.1415704813573221,0.33766383294820934,0.05203274975502012
Century City,26,True,City of Los Angeles,34.053654230769226,-118.41875307692308,1.4689473684210526,1.09,37.5,0.5769230769230769,9.053419481136437,16.31175818209201,11.217375403618394,53.358996521828175,8.653862682708965,0.05029585798816569,0.038461538461538464,0.34615384615384615,0.5769230769230769,0.5384615384615384,30.0,37.42690058479532,19,16800.0,9000.0,19,186.0,0.11538461538461539,1.8666666666666667,False,143.0,184.75,0.8999289225436001,0.435153669666944,195.0,183.0,92.0,70.0,0.2692307692307692,0.23076923076923078,0.12313725573369043,0.2490920757546567,0.12728273366792606,0.19445954315573127,0.19064377630338017
Cerritos,22,True,Other Cities,33.86562818181818,-118.06852727272727,0.7961111111111111,0.5449999999999999,16.09090909090909,0.18181818181818182,36.65667418323066,26.664167506346445,40.43670015260706,14.881205991455332,17.234239404801514,0.05785123966942149,0.045454545454545456,0.36363636363636365,0.36363636363636365,0.13636363636363635,1.5,20.0,18,632.0,424.0,18,242.5,0.22727272727272727,1.490566037735849,False,64.5,85.25,0.847930260426708,0.4016767964136385,224.5,,53.0,,0.18181818181818182,0.5,0.07855995357287061,0.14808540734033201,0.1766798293519196,0.273269478012168,0.09613260444998252
Charter Oak,11,True,Unincorporated Areas,34.10315181818182,-117.84804909090909,1.055,0.225,29.363636363636363,0.09090909090909091,45.73577807711528,37.2050668090184,47.102832416053424,33.22205679266565,50.28863599732356,0.33884297520661144,0.0,0.9090909090909091,0.6363636363636364,0.0,3.0,28.205128205128204,6,555.0,551.25,6,15.0,0.09090909090909091,1.0068027210884354,False,43.0,10.5,0.34467949824250804,0.1639993400428972,88.0,,42.5,,0.45454545454545453,0.2727272727272727,0.11168108332618809,0.0993324648051376,0.11238941419988623,0.1993080446511023,0.11365262938132212
Chatsworth,53,True,City of Los Angeles,34.257556981132076,-118.59102320754717,1.3572972972972972,1.0,17.49056603773585,0.39622641509433965,28.769855037807293,39.14252635924368,25.472257257476347,79.1880233603852,24.07221601908083,0.038803844784620865,0.09433962264150944,0.33962264150943394,0.5283018867924528,0.2641509433962264,2.0,16.44736842105263,37,2065.0,1400.0,37,186.0,0.1509433962264151,1.475,False,89.0,109.0,1.4218979676186538,0.5328173227794467,250.0,,68.0,40.0,0.3018867924528302,0.32075471698113206,0.11065189909739477,0.2031447220124435,0.1868845975275561,0.26095723997596215,0.16288984327343595
Chesterfield Square,23,True,City of Los Angeles,33.98637217391304,-118.31264956521738,0.9026315789473683,0.56,17.17391304347826,0.34782608695652173,12.834461729483284,10.035327689851474,17.052336439953805,41.24853959466535,12.813065060227505,0.17580340264650282,0.30434782608695654,0.782608695652174,0.7391304347826086,0.17391304347826086,2.0,19.875776397515526,19,716.0,702.0,19,287.0,0.34782608695652173,1.01994301994302,True,50.0,65.0,0.7007842037455035,0.36285208250014284,109.0,,51.0,24.0,0.17391304347826086,0.4782608695652174,0.12605672554446537,0.15038095704238613,0.1308905076205734,0.43555016045948397,0.11364338846352594
Cheviot Hills,35,True,City of Los Angeles,34.035588857142855,-118.4082097142857,1.0582142857142858,0.44999999999999996,32.17142857142857,0.6,9.703382209122248,15.185598012182806,12.576162019033816,51.100958059503846,8.051260250537853,0.038367346938775526,0.11428571428571428,0.2857142857142857,0.45714285714285713,0.45714285714285713,7.0,48.71808510638298,28,4815.0,3188.75,28,188.0,0.2571428571428571,1.5099960799686398,False,115.0,69.0,1.5417505377011251,0.5464556242319755,138.0,,85.0,25.0,0.2,0.5142857142857142,0.11936571176460978,0.20614760421092942,0.17575865640314955,0.2788266074470331,0.1341871344599924
Chinatown,59,True,City of Los Angeles,34.06380457627119,-118.24481762711864,1.6836170212765957,1.1,40.389830508474574,0.5254237288135594,9.738906703194775,1.079180535154846,12.998579764275005,41.059582210173694,22.43089963659452,0.022120080436656135,0.06779661016949153,0.1864406779661017,0.4576271186440678,0.2033898305084746,2.0,20.216606498194945,47,1716.0,1100.0,47,293.0,0.4067796610169492,1.56,True,100.0,85.5,2.322669769952972,0.5673636270750945,132.0,,69.5,24.0,0.2033898305084746,0.4915254237288136,0.049807748075748406,0.2308587025820525,0.15525437738472794,0.1892336344047426,0.2392523172137455
Citrus,4,True,Unincorporated Areas,34.12156,-117.8827225,0.28,0.28,2.0,0.25,42.24753425241871,34.0326051380629,43.43471180181573,34.917457681584196,49.88863961285678,0.25,0.0,1.0,0.25,0.0,2.0,15.151515151515152,2,104.0,104.0,2,365.0,0.75,1.0,True,35.0,21.75,0.5833445309325691,0.24726775956284153,85.0,,30.0,,0.5,0.5,0.08263634284150959,0.11314785006884413,0.3989839059576749,0.3486992568410976,0.05653264429087379
Claremont,53,True,Other Cities,34.10534490566038,-117.71963811320754,1.8811363636363636,1.205,44.54716981132076,0.7547169811320755,57.133807960523136,48.45648472874937,58.5675270960335,37.05687412651982,58.04881872191118,0.03951584193663224,0.0,0.3018867924528302,0.41509433962264153,0.11320754716981132,2.0,17.69266917293233,44,2932.25,2676.25,44,308.0,0.33962264150943394,1.095656235404017,True,138.0,120.0,0.9025344519501831,0.4115390339490351,149.0,,55.0,,0.16981132075471697,0.24528301886792453,0.10796265996066408,0.33637762189502846,0.11965624777621882,0.2493294970447744,0.09233435068180482
Commerce,4,True,Other Cities,34.006415,-118.149415,2.3266666666666667,3.09,22.0,1.0,20.4789729133129,10.078298359300547,23.8233361258132,30.31432262437007,27.33515313778008,0.375,0.0,1.0,0.75,0.0,3.0,3.6011080332409975,3,5278.0,5278.0,3,259.0,0.25,1.0,False,225.0,433.5,1.0892268842851893,0.5048161120840631,225.0,,,,0.25,0.0,0.2830388494607046,0.2568897076827009,0.09785388049127078,0.265212689524361,0.09700487284096262
Compton,16,True,Other Cities,33.90134375,-118.222304375,1.141,0.5900000000000001,10.0625,0.125,24.914049155277695,16.980693735700953,29.087200457653264,28.617576393381057,16.412846130796517,0.078125,0.0,0.4375,0.25,0.0625,3.0,13.040585495675316,10,912.5,812.5,10,82.5,0.0625,1.123076923076923,False,77.0,134.0,1.1051263445124668,0.4859704868591124,137.0,,74.0,,0.375,0.3125,0.23857168358369338,0.08815329466471811,0.15130480103006994,0.28779645932887654,0.17167376139264207
Covina,48,True,Other Cities,34.088539375,-117.87939520833334,2.244871794871795,1.41,30.020833333333332,0.2708333333333333,42.35547894530238,33.48459233267237,43.99293449109163,31.269776391175885,46.717536732676564,0.042534722222222224,0.020833333333333332,0.3333333333333333,0.6041666666666666,0.0,1.5,12.903225806451614,39,1012.5,972.0,39,186.5,0.16666666666666666,1.0416666666666667,False,63.0,53.25,0.7429109327709564,0.34974793860723324,108.0,152.0,51.0,,0.1875,0.25,0.1192066426013602,0.14818403958495577,0.11315462852378437,0.24303627094981392,0.1264184183400858
Cudahy,1,True,Other Cities,33.96279,-118.19079,,,0.0,0.0,20.671059575171718,11.187932204496056,24.585342365224506,30.16908749467013,22.09302001480486,1.0,0.0,1.0,0.0,0.0,1.0,,0,,,0,365.0,1.0,,True,14.0,0.0,,,,,,14.0,1.0,0.0,0.1688059525199953,0.041331892811297094,0.08205663111702499,0.5766241900763298,0.1311813334753529
Culver City,307,False,Other Cities,34.00853182410423,-118.4028019218241,1.7642585551330798,1.13,53.42671009771987,0.6514657980456026,11.837977135470103,15.192505910494566,15.05854211966579,49.51663398735374,7.034597719940317,0.006355505098197328,0.009771986970684038,0.10097719869706841,0.43973941368078173,0.05863192182410423,2.0,33.333333333333336,263,4020.5,3255.0,263,280.0,0.2931596091205212,1.2351766513056837,False,115.0,99.5,0.9911105142021196,0.3716798998846052,145.0,,75.0,27.0,0.14332247557003258,0.36807817589576547,0.15978029357655457,0.2271629857836323,0.14570112806410734,0.2535650958939047,0.1486439168772408
Cypress Park,14,True,City of Los Angeles,34.09356714285714,-118.22379214285715,1.7784615384615385,1.25,43.5,0.8571428571428571,10.680506116026589,4.820491775372254,12.864912240872831,42.124618906887264,25.64043206477464,0.0816326530612245,0.0,0.42857142857142855,0.21428571428571427,0.5714285714285714,30.0,34.42622950819672,13,11017.5,3850.0,13,288.5,0.21428571428571427,2.8616883116883116,False,82.5,35.5,0.36662821690513997,0.1855540293040293,85.0,,53.0,,0.07142857142857142,0.2857142857142857,0.15164300546501916,0.1657305825700656,0.12747368509270865,0.41330754848246476,0.07041660696117044
Del Aire,50,True,Unincorporated Areas,33.916530800000004,-118.3686594,3.916222222222222,1.89,97.44,0.52,20.7619390523919,19.033493936875402,24.709163849390663,43.00499081029011,5.0441940711486675,0.037599999999999995,0.0,0.32,0.58,0.06,2.0,22.934472934472936,45,4650.0,2990.0,45,193.5,0.14,1.5551839464882944,False,82.5,74.25,0.605314587469575,0.3071524136684144,135.5,,62.0,,0.1,0.28,0.0980070176894948,0.10773506927223288,0.06340644521657905,0.6204553100847022,0.09039615773699099
Del Rey,239,False,City of Los Angeles,33.9909850209205,-118.42689359832636,1.4822872340425532,0.69,50.22594142259414,0.694560669456067,14.653217691139226,18.236717953545067,17.744974369901048,50.88220710310137,3.9461372033720017,0.007720453073300539,0.09205020920502092,0.11297071129707113,0.4225941422594142,0.39748953974895396,4.0,38.720930232558146,188,8482.5,3810.0,188,251.0,0.2928870292887029,2.2263779527559056,False,121.0,84.0,0.6148671886952882,0.31021378366398605,138.0,,75.0,84.5,0.21338912133891214,0.3723849372384937,0.10322755618978229,0.23561363103545785,0.1321708814222618,0.3132922941368767,0.12364542801060048
Desert View Highlands,3,True,Unincorporated Areas,34.58847666666667,-118.15270666666667,1.41,1.41,8.666666666666666,0.0,56.88692633524196,60.06741055750372,53.45767855379434,88.87262980180024,71.99002227932917,0.3333333333333333,0.0,1.0,0.0,0.0,2.0,18.43971631205674,1,910.0,910.0,1,29.0,0.0,1.0,False,35.0,84.5,1.150121513040893,0.46174863387978143,,,35.0,,0.6666666666666666,0.0,0.1170464554006672,0.19023620276682007,0.18017880652423854,0.3898802806326733,0.12265825467560089
Diamond Bar,152,False,Other Cities,33.995744539473684,-117.82972842105262,0.9659504132231405,0.54,13.68421052631579,0.25,48.73961056781044,38.78130978881565,51.09100911839744,21.583975956184563,41.93020263820745,0.014802631578947366,0.0,0.13815789473684212,0.6513157894736842,0.16447368421052633,3.0,18.75,121,890.0,600.0,121,276.5,0.3157894736842105,1.4833333333333334,True,68.0,82.5,0.9964853945533755,0.443482051534831,189.0,,55.0,,0.20394736842105263,0.4934210526315789,0.14664791720484047,0.10278799230026575,0.15264982438536373,0.16653629000968487,0.06295692346826624
Downey,57,True,Other Cities,33.93674631578947,-118.13181578947369,2.398125,1.43,44.70175438596491,0.47368421052631576,26.69506429653156,16.759434339035202,30.524118413127344,24.130030444593114,20.780716826358717,0.02677746999076639,0.0,0.21052631578947367,0.43859649122807015,0.17543859649122806,2.0,16.14246068455134,48,3027.0,1940.0,48,189.0,0.17543859649122806,1.5603092783505155,False,70.0,69.0,1.2771635261218393,0.4544911043766879,93.0,,55.0,70.0,0.15789473684210525,0.2631578947368421,0.24659829536967642,0.09865118025649035,0.1578123747122601,0.16908720664594548,0.11732462722615393
Downtown,1072,False,City of Los Angeles,34.04562838619403,-118.25337307835821,1.568287153652393,1.0,30.365671641791046,0.7975746268656716,10.108173971448412,1.4502599959262028,13.803171451687641,40.351337413855134,20.884630567619837,0.005048799844063266,0.251865671641791,0.11100746268656717,0.5522388059701493,0.30597014925373134,2.0,22.26813590449954,794,3376.0,2300.0,794,235.0,0.26492537313432835,1.4678260869565218,False,142.0,98.0,2.9395646419294663,0.46741443890510853,149.0,135.0,91.0,57.5,0.2593283582089552,0.34794776119402987,0.08103192989784791,0.2591655253167265,0.1311811324621227,0.26417608124889314,0.1972811519699321
Duarte,20,True,Other Cities,34.13974,-117.95913,0.96875,0.785,14.8,0.45,35.39904848053609,27.868112932021283,36.3841603702262,36.583047512271044,47.791350272190115,0.07500000000000001,0.0,0.45,0.4,0.0,2.0,16.30482941958352,16,618.5,618.5,16,281.5,0.15,1.0,False,60.0,60.0,0.8264921435978697,0.3932275132275132,99.0,,45.0,,0.2,0.45,0.20627954276812757,0.19032456998493624,0.12855185987121093,0.27274400312704905,0.10210002424867623
Eagle Rock,127,False,City of Los Angeles,34.133700000000005,-118.20745622047244,1.3910833333333334,0.9750000000000001,46.61417322834646,0.7637795275590551,12.853717773986984,9.590078683260874,13.308926852051211,44.57909637425544,29.517941514796465,0.010478020956041906,0.0,0.10236220472440945,0.28346456692913385,0.2677165354330709,3.0,33.42490842490842,120,6156.0,5199.0,120,276.0,0.28346456692913385,1.1840738603577612,False,98.0,89.5,0.7373113750283111,0.36446377252442397,120.0,79.0,59.5,25.0,0.05511811023622047,0.4015748031496063,0.13999444739562067,0.19648461631439595,0.15708847255804329,0.25887508501518935,0.1294471424962783
East Compton,2,True,Unincorporated Areas,33.894335,-118.20177,0.07,0.07,0.5,0.5,26.341967708565015,18.125149546431146,30.50173981079154,27.67761684099022,15.535092808338097,0.5,0.0,1.0,0.0,0.0,2.5,14.285714285714285,1,103.0,103.0,1,3.5,0.0,1.0,False,85.5,17.5,0.2894589162751949,0.1023391812865497,103.0,,68.0,,0.5,0.5,0.16844806189222775,0.06604797025681508,0.33762467262807366,0.2208935249343614,0.20698577028852222
East Hollywood,526,False,City of Los Angeles,34.08930258555133,-118.30047342205323,1.449548872180451,0.83,30.866920152091254,0.5380228136882129,3.8573995136621457,6.69252008533566,7.38429696098795,46.78587292506639,19.42600413297339,0.01606210874813862,0.3669201520912547,0.21292775665399238,0.6958174904942965,0.5513307984790875,30.0,24.324324324324326,399,2850.0,1350.0,399,113.0,0.19961977186311788,2.111111111111111,False,79.0,79.75,0.8651489222594038,0.3936502066139566,106.0,39.0,50.0,24.0,0.2414448669201521,0.35361216730038025,0.12741293652232313,0.19222744148077736,0.132842413096896,0.257844264533578,0.17560450330178667
East Los Angeles,120,False,Unincorporated Areas,34.04002033333333,-118.17546958333334,2.640873786407767,2.56,51.958333333333336,0.7416666666666667,15.901724464021074,5.955193562576273,18.851155631968183,35.75362499374165,26.927732349764508,0.015138888888888891,0.0,0.16666666666666666,0.45,0.025,2.0,19.011406844106464,103,3552.0,3042.0,103,285.0,0.20833333333333334,1.1676528599605522,False,77.0,33.75,0.7733735879960448,0.31699696407488615,86.0,,55.0,30.0,0.14166666666666666,0.19166666666666668,0.16551232365088128,0.18639353606649156,0.12987407855170396,0.28647321270089704,0.10674684903002615
East Pasadena,43,True,Unincorporated Areas,34.13932534883721,-118.07693604651163,2.21375,1.835,47.25581395348837,0.7209302325581395,24.502427525283853,18.01294870262144,25.43881745978475,38.94637440957525,40.02635196090736,0.08058409951325038,0.09302325581395349,0.5581395348837209,0.7674418604651163,0.046511627906976744,2.0,20.394710478861953,40,3156.5,3156.5,40,70.0,0.06976744186046512,1.0,False,103.0,78.5,0.6538364233173678,0.3015107506968947,113.0,,94.5,,0.06976744186046512,0.2558139534883721,0.13768781892213602,0.20368827748596038,0.1879168798065517,0.30847138044882055,0.11572401542955459
East San Gabriel,77,True,Unincorporated Areas,34.118905194805194,-118.07334727272728,1.0770769230769233,0.45,17.51948051948052,0.24675324675324675,25.006688360809047,17.620701160068297,26.18558812073225,37.004676498030236,39.794660239897674,0.03255186372069488,0.18181818181818182,0.2987012987012987,0.6883116883116883,0.11688311688311688,3.0,11.475409836065573,65,1110.0,816.0,65,132.0,0.15584415584415584,1.3602941176470589,False,69.0,48.0,0.6091298533317263,0.2901332846303803,130.0,,59.0,,0.15584415584415584,0.44155844155844154,0.1542600882076855,0.10175874232233768,0.0948743110896993,0.16793233332365634,0.052603096485192624
East Whittier,3,True,Unincorporated Areas,33.922873333333335,-117.98462333333333,3.965,3.965,31.666666666666668,0.6666666666666666,38.54183024611061,28.12538989518679,41.792847798224216,13.534928053277095,26.6611250343785,0.3333333333333333,0.0,1.0,0.0,0.0,3.0,11.971808578337788,2,17190.0,17190.0,2,300.0,0.3333333333333333,1.0,True,192.0,118.0,0.6474991542670099,0.2871046228710462,244.0,,60.0,,0.3333333333333333,0.0,0.019354969703124506,0.44124586917711545,0.39796508457570257,0.12135503632730714,0.020079040216750364
Echo Park,410,False,City of Los Angeles,34.08057907317073,-118.25641758536585,1.4343304843304843,0.77,48.7,0.7121951219512195,8.194470236911272,3.5350267503772104,10.923997924365741,43.26782972877273,22.28443020240352,0.005758477096966092,0.1,0.1024390243902439,0.424390243902439,0.4146341463414634,5.0,35.13513513513514,351,7200.0,3770.0,351,287.0,0.3463414634146341,1.909814323607427,True,100.0,89.25,0.7635690236695314,0.35450043145029764,124.5,,64.5,26.0,0.14390243902439023,0.44634146341463415,0.12366923246159059,0.18723284130428272,0.14935362325315837,0.2487365552484181,0.19100774773255028
El Monte,107,False,Other Cities,34.07432869158878,-118.03162925233646,1.489684210526316,1.0,30.149532710280372,0.38317757009345793,28.92314254079222,19.79456939981325,30.9358557456534,31.027315087205167,38.27830424763532,0.02524237924709581,0.028037383177570093,0.2523364485981308,0.7383177570093458,0.056074766355140186,2.0,18.6046511627907,95,1004.5,830.0,95,276.0,0.21495327102803738,1.2102409638554217,False,76.0,72.5,1.0430777659199355,0.43826776893659114,120.0,,56.0,14.0,0.11214953271028037,0.35514018691588783,0.09699648408513878,0.15797839341785072,0.08662671330866113,0.2797064732532164,0.07028072098186193
El Segundo,153,False,Other Cities,33.923284967320264,-118.40772549019609,2.9519148936170216,2.63,75.01960784313725,0.5032679738562091,20.75650682907096,20.968247127911493,24.394092240798262,46.836248714365944,2.100981633187282,0.03396129693707547,0.1895424836601307,0.3137254901960784,0.6078431372549019,0.058823529411764705,1.0,25.42955326460481,141,4032.0,3525.0,141,226.0,0.1895424836601307,1.1438297872340426,False,110.0,80.0,0.7389644966937406,0.3213686025292026,130.0,70.0,79.0,70.0,0.0784313725490196,0.24836601307189543,0.10417990058063054,0.24453635146741592,0.07846406883191774,0.48755532125930134,0.05258461929864297
El Sereno,69,True,City of Los Angeles,34.081213478260864,-118.17630275362319,2.5852631578947367,1.64,52.95652173913044,0.4927536231884058,15.535443176038399,6.64194000010443,17.66448183765983,38.57444746155046,28.71197841082754,0.027095148078134852,0.014492753623188406,0.2463768115942029,0.5072463768115942,0.14492753623188406,2.0,15.753424657534246,57,3090.0,2717.0,57,276.0,0.18840579710144928,1.1372837688627162,False,85.0,72.0,1.1388601084784047,0.42445885308670417,101.5,,58.0,20.0,0.17391304347826086,0.2463768115942029,0.144625324569518,0.21826473245970243,0.17391626107718014,0.2757311319187593,0.11499878185889813
Elysian Park,17,True,City of Los Angeles,34.07496411764706,-118.23895941176471,2.405,1.98,83.94117647058823,0.8235294117647058,10.117704569852657,1.8725475764569601,13.127466089035075,41.01450526224847,23.480250013344097,0.12802768166089964,0.0,0.5294117647058824,0.47058823529411764,0.5882352941176471,30.0,24.63914707490432,16,23066.0,7627.5,16,259.0,0.29411764705882354,3.0240576860045887,False,99.0,49.0,0.6858534511380363,0.2914320367322187,102.5,,80.0,,0.058823529411764705,0.5294117647058824,0.11303454647548783,0.24856121433151462,0.10100636253726766,0.2654709241932993,0.15427989363890113
Elysian Valley,23,True,City of Los Angeles,34.09492565217391,-118.23963869565216,1.068421052631579,0.71,28.73913043478261,0.7391304347826086,9.655152796893509,4.382232927610697,11.966867612907455,42.715469758564375,24.53904798148169,0.06994328922495274,0.0,0.4782608695652174,0.5217391304347826,0.4782608695652174,28.0,25.475285171102662,19,9346.5,2115.0,19,282.0,0.2608695652173913,4.419148936170213,False,100.0,35.5,0.41721078072474727,0.20858290465788176,110.0,,70.0,,0.17391304347826086,0.4782608695652174,0.13081175806564924,0.08831265687940387,0.1434628963196151,0.33038639939961023,0.1331132458574607
Encino,136,False,City of Los Angeles,34.162340735294116,-118.50694786764706,1.6166666666666667,0.9,24.830882352941178,0.7132352941176471,17.543067143176735,27.89950515814792,15.188183032349091,67.42992900451057,15.143315085870192,0.012759515570934259,0.08823529411764706,0.1323529411764706,0.47794117647058826,0.375,4.0,25.0,90,5812.5,4012.5,90,140.5,0.11029411764705882,1.4485981308411215,False,120.0,316.5,1.9934400850882723,0.6922153256746223,205.0,,70.0,30.0,0.3382352941176471,0.25,0.11973477178534013,0.24152620110482825,0.16871930004361219,0.230386469087437,0.13669208150819423
Exposition Park,107,False,City of Los Angeles,34.01951710280374,-118.30292308411215,1.1770833333333333,0.495,22.953271028037385,0.4766355140186916,9.754038106862748,6.683665854594139,13.970709641371956,42.169490502037554,15.616283218768618,0.054939296008385,0.29906542056074764,0.411214953271028,0.6448598130841121,0.6261682242990654,30.0,22.923889886795607,72,3870.0,1006.25,72,217.0,0.24299065420560748,3.8459627329192547,False,73.0,72.5,1.9610681876029943,0.5273812764835596,107.0,,54.0,45.0,0.32710280373831774,0.4205607476635514,0.11579798660938345,0.13040368494093837,0.11121668449595858,0.40311427985269377,0.14600942017579216
Fairfax,261,False,City of Los Angeles,34.081035149322716,-118.35294626632906,1.3177294685990337,0.82,38.383141762452105,0.7509578544061303,2.6612393167632793,10.621711030304777,6.335599968668125,50.029366464579795,15.074446719390656,0.007912391186271489,0.07662835249042145,0.12260536398467432,0.4827586206896552,0.5670498084291188,30.0,32.71375464684015,207,13500.0,5125.0,207,276.0,0.28735632183908044,2.6341463414634148,False,120.0,132.0,1.9022710893029022,0.5982122501428601,142.0,,80.0,,0.20689655172413793,0.421455938697318,0.09879209460127686,0.21304423740588083,0.1463050017646505,0.27158294357233775,0.18598453491639044
Florence,3,True,City of Los Angeles,33.978883333333336,-118.26777666666665,0.22999999999999998,0.3,3.3333333333333335,0.6666666666666666,15.151400065499065,9.030794315155378,19.371470551265865,37.56856568301451,16.468850136281343,0.3333333333333333,0.0,1.0,0.0,0.6666666666666666,30.0,13.333333333333334,3,1000.0,512.5,3,275.0,0.0,1.951219512195122,False,55.0,229.5,1.314041215153064,0.5134228187919463,270.5,,55.0,,0.0,1.0,0.27995176784668935,0.09487636033574325,0.07041175659628242,0.1671076589494612,0.05431912293849047
Florence-Firestone,18,True,Unincorporated Areas,33.974985,-118.24204222222222,2.549285714285714,1.245,30.38888888888889,0.7222222222222222,16.436843679899482,8.334363599249858,20.53413460095787,35.02016425844034,18.50435745129507,0.2160493827160494,0.3888888888888889,0.8333333333333334,0.7777777777777778,0.0,1.0,19.86757444261559,14,2121.0,2121.0,14,33.0,0.1111111111111111,1.0,False,87.5,14.5,3.6734875971400016,0.8320135856380397,89.0,,55.0,,0.2222222222222222,0.1111111111111111,0.19144831341107793,0.13297152181261357,0.20094172905805407,0.31211356985939154,0.05141375474775179
Gardena,104,False,Other Cities,33.89615086538461,-118.30835807692308,1.6649999999999998,0.84,37.82692307692308,0.33653846153846156,22.725777402951334,18.249596942541867,26.908047045377764,36.77926823986837,9.73117363696928,0.0342085798816568,0.21153846153846154,0.3173076923076923,0.5769230769230769,0.009615384615384616,2.0,25.0,80,1663.5,1338.75,80,191.0,0.22115384615384615,1.242577030812325,False,71.0,75.25,0.7360161734708426,0.37231169484951265,119.0,,41.0,125.0,0.23076923076923078,0.27884615384615385,0.17374965973305223,0.1394905067488246,0.16169845283763673,0.37737364716191557,0.08999542582626319
Glassell Park,78,True,City of Los Angeles,34.116652179487176,-118.23117217948717,1.4546478873239437,0.84,51.717948717948715,0.7564102564102564,10.27980843272074,7.019742660846688,11.552014184356826,44.337079819204305,26.525673816661296,0.018408941485864562,0.0,0.1794871794871795,0.3333333333333333,0.38461538461538464,3.0,30.612244897959183,71,8680.0,3392.5,71,267.5,0.21794871794871795,2.5585851142225495,False,98.5,52.75,0.5264791158559385,0.25605060752307873,110.0,,62.0,,0.08974358974358974,0.41025641025641024,0.11640144884555578,0.22145645019193325,0.1853671462574397,0.26015302252267897,0.15251936807982822
Glendale,555,False,Other Cities,34.15469945945946,-118.25564084684684,1.4664235294117647,0.84,27.56936936936937,0.7117117117117117,9.484961326044159,10.92102595765925,9.19006399393785,48.73960338098675,26.864840920810344,0.009288207126044962,0.2072072072072072,0.15495495495495495,0.5441441441441441,0.15855855855855855,2.0,20.0,425,2130.0,1515.0,425,243.0,0.24864864864864866,1.4059405940594059,False,111.0,104.0,1.0769644593475762,0.41159229755822013,140.0,,62.0,70.0,0.23423423423423423,0.3027027027027027,0.12414964875106724,0.22086068203148848,0.15337464344554075,0.26867370462318907,0.15186024006763335
Glendora,61,True,Other Cities,34.130026229508196,-117.86005081967213,1.8810204081632653,1.82,31.065573770491802,0.5081967213114754,44.09186323099091,36.04903888245404,45.2123058356839,36.12468149074099,51.50581404597062,0.03843052942757321,0.09836065573770492,0.32786885245901637,0.6229508196721312,0.04918032786885246,2.0,20.180722891566266,49,2160.0,2016.0,49,195.0,0.11475409836065574,1.0714285714285714,False,66.0,122.0,1.2097972738428857,0.5186229662089635,150.0,,40.0,57.0,0.19672131147540983,0.2459016393442623,0.14985523910904072,0.1075894123173079,0.12488860435183927,0.2784244496066678,0.10973409789383283
Gramercy Park,13,True,City of Los Angeles,33.94963307692308,-118.30740692307693,1.373,0.665,33.23076923076923,0.6153846153846154,16.915011174002707,12.708544990807086,21.13682459704341,38.964598890725405,11.94913358655188,0.2662721893491124,0.0,0.8461538461538461,0.6923076923076923,0.5384615384615384,30.0,33.2258064516129,10,10029.0,3562.5,10,185.0,0.0,2.815157894736842,False,150.0,170.0,1.2188621802301585,0.4830997998284244,156.0,,80.0,,0.23076923076923078,0.46153846153846156,0.13233708718243026,0.19281318052005877,0.10150693107740749,0.27423168820795635,0.06834188224291629
Granada Hills,43,True,City of Los Angeles,34.281898372093025,-118.49994976744186,1.537222222222222,1.1099999999999999,31.209302325581394,0.46511627906976744,24.646194314853343,34.520384585426385,20.734437780159826,74.62425450261958,27.492409624925703,0.06003244997295837,0.0,0.4186046511627907,0.5348837209302325,0.11627906976744186,2.0,19.421487603305785,36,2566.25,1825.75,36,47.0,0.16279069767441862,1.4055867451732165,False,77.0,91.5,2.415914076802527,0.6615295063336752,133.0,,52.0,,0.16279069767441862,0.27906976744186046,0.09456082862743652,0.2111689899314309,0.2022562387473833,0.261676516427728,0.09080254254509107
Green Meadows,41,True,City of Los Angeles,33.93143463414634,-118.26263658536585,1.8523529411764705,1.0,14.146341463414634,0.024390243902439025,20.41297759112459,13.938882409065787,24.64896348738046,34.36145995248226,14.531912276628452,0.8167757287328969,0.9024390243902439,1.0,0.926829268292683,0.024390243902439025,1.0,1.2987012987012987,17,10.5,10.5,17,1.0,0.024390243902439025,1.0,False,21.0,2.0,0.7212589016503343,0.22682230628205427,94.0,,75.0,19.0,0.5853658536585366,0.024390243902439025,0.037501977496207914,0.012270559145691572,0.4136405112475748,0.2065387829994638,0.33004816911106194
Green Valley,9,True,Unincorporated Areas,34.62008888888889,-118.40534777777778,1.6800000000000002,1.75,38.111111111111114,1.0,58.1060113138561,64.89301219805942,53.94445632100148,100.5632733955877,66.35363148618691,0.3580246913580247,0.1111111111111111,1.0,0.6666666666666666,0.1111111111111111,1.0,17.073170731707318,9,3264.0,3264.0,9,277.0,0.0,1.0,False,128.0,310.0,0.9090479005653875,0.4670988018071106,128.0,,,,0.0,0.1111111111111111,0.04688293682447674,0.1363367246372844,0.10427742726859336,0.19071068819263268,0.07734777863256835
Griffith Park,16,True,City of Los Angeles,34.121624375,-118.293574375,0.5346153846153846,0.54,5.125,0.125,4.826751337961106,8.902960094127849,5.80523096318017,48.796910794151984,22.236927914558713,0.625,1.0,1.0,1.0,0.0,1.0,12.244897959183673,13,55.0,55.0,13,1.0,0.0,1.0,False,22.5,4.25,0.2696021982932827,0.12212469733656174,41.5,,22.0,,0.1875,0.375,0.1679530149532011,0.19479140687406454,0.2525612185485685,0.33871600820620407,0.0459783514179618
Hacienda Heights,229,False,Unincorporated Areas,33.995541703056766,-117.96053126637555,1.0862637362637362,0.535,16.34061135371179,0.24890829694323144,37.23037535465152,27.121851176176676,39.83578359373348,20.65979583613818,34.515826954981584,0.015960794035201464,0.056768558951965066,0.1615720524017467,0.7816593886462883,0.039301310043668124,2.0,16.833333333333336,182,665.0,560.5,182,211.0,0.19213973799126638,1.1864406779661016,False,50.0,59.0,2.7009177820650314,0.5246300685183162,150.0,,46.0,37.0,0.2052401746724891,0.34934497816593885,0.15576033119109425,0.11297363173290796,0.11724123080475633,0.22120067295200374,0.0740468407428185
Hancock Park,99,True,City of Los Angeles,34.073931515151514,-118.33733696969698,1.4175,0.7,49.505050505050505,0.6565656565656566,3.0316965400376517,9.15512822318355,7.192582284574497,48.20117434212178,15.623939086678792,0.020099989796959494,0.09090909090909091,0.21212121212121213,0.46464646464646464,0.36363636363636365,3.0,37.76287932251235,80,8265.0,4206.25,80,192.0,0.1919191919191919,1.964933135215453,False,125.0,105.0,1.2054980141766298,0.4705162706309824,163.0,,95.0,50.0,0.1919191919191919,0.3838383838383838,0.10045299040525214,0.19898003029785308,0.14836197556311076,0.2703369215082485,0.17075697111442445
Harbor City,19,True,City of Los Angeles,33.79849263157895,-118.30172052631578,0.9899999999999999,0.63,31.05263157894737,0.42105263157894735,34.16829485194391,29.29897880587258,38.3289450082294,35.61698192398883,8.394590260416173,0.07479224376731301,0.0,0.42105263157894735,0.3157894736842105,0.3157894736842105,4.0,20.0,17,3960.0,1395.0,17,186.0,0.21052631578947367,2.838709677419355,False,68.0,97.5,1.757680123926313,0.5509782309176081,155.0,,57.5,1300.0,0.10526315789473684,0.3157894736842105,0.19139753481807736,0.19013467644659152,0.13250284469737666,0.3171193427505059,0.11621402234008016
Harbor Gateway,37,True,City of Los Angeles,33.858962432432435,-118.29809,1.2142857142857142,0.94,21.324324324324323,0.32432432432432434,26.90609558648366,21.83616698684265,31.1150601123757,35.78221677552333,9.957858699297015,0.05332359386413442,0.10810810810810811,0.40540540540540543,0.5675675675675675,0.32432432432432434,5.0,25.403225806451616,28,1872.5,1314.0,28,188.0,0.16216216216216217,1.4250380517503805,False,45.0,25.0,1.8562162662407717,0.4556067737396283,81.5,,42.5,30.0,0.24324324324324326,0.35135135135135137,0.17673512535945116,0.10558795126156424,0.10264606487552842,0.31123121760928263,0.11461045170498436
Harvard Heights,100,False,City of Los Angeles,34.0471409,-118.3056401,1.3995061728395062,1.03,42.12,0.22,6.766499607699521,5.763684687398467,10.942740586697038,44.13609803780536,16.685731809019252,0.0732,0.43,0.53,0.78,0.63,30.0,31.651376146788987,81,6000.0,2365.0,81,38.5,0.13,2.536997885835095,False,54.0,39.0,0.8073057900751505,0.34185406211854064,104.5,22.0,50.0,35.0,0.19,0.44,0.10589189972106246,0.12271963741684383,0.09713098309991644,0.22695504027889674,0.24730243948328057
Harvard Park,14,True,City of Los Angeles,33.99083142857143,-118.30638,1.028181818181818,0.97,7.857142857142857,0.14285714285714285,12.49981264741885,9.090983763877851,16.7357345478285,41.11743347875553,13.732262859587301,0.43877551020408173,0.6428571428571429,0.9285714285714286,0.6428571428571429,0.14285714285714285,1.0,7.142857142857142,11,108.0,108.0,11,37.5,0.07142857142857142,1.0,False,24.0,21.25,0.535638426373546,0.24985656913367757,74.5,,47.0,24.0,0.21428571428571427,0.2857142857142857,0.09585439811351018,0.06665849420287666,0.05285368548652563,0.6856297123965416,0.09900370980054586
Hasley Canyon,2,True,Unincorporated Areas,34.469195,-118.66986499999999,1.8,1.8,52.5,0.5,50.8871493021537,60.62342326260823,46.91187263647292,100.56892336400766,48.01684998754627,0.5,0.0,1.0,0.0,0.0,1.0,30.346153846153847,2,3123.75,3123.75,2,355.5,0.5,1.0,True,112.5,17.5,0.21998877636914813,0.07777777777777778,130.0,,95.0,,0.0,0.5,0.1731938993584863,0.0660268518835494,0.14118285459064195,0.3513022169975317,0.26829417716979054
Hawaiian Gardens,1,True,Other Cities,33.83783,-118.07183,5.19,5.19,67.0,1.0,38.36425809518205,28.721029560874694,42.29328412531676,14.404572629405061,14.275212045284068,1.0,0.0,1.0,0.0,0.0,2.0,12.909441233140655,1,4958.0,4958.0,1,242.0,0.0,1.0,False,74.0,0.0,,,74.0,,,,0.0,0.0,0.3186753086599257,0.0,0.0,0.645959590256295,0.03536510108377938
Hawthorne,165,False,Other Cities,33.91544606060606,-118.34983624242423,2.119142857142857,0.995,46.47878787878788,0.4121212121212121,20.910370778359518,18.32529713571706,24.92592448025787,41.40871226199342,6.640066990408451,0.013186409550045913,0.006060606060606061,0.1696969696969697,0.47878787878787876,0.10303030303030303,2.0,18.693859972929744,140,1552.5,1093.75,140,263.0,0.2,1.4194285714285715,False,75.0,70.0,1.119593598458488,0.40485325256264637,125.0,,55.0,40.0,0.15151515151515152,0.3212121212121212,0.1473149210130011,0.09467364614530414,0.10046019997520858,0.5040152212447289,0.08080873889448457
Hermosa Beach,195,False,Other Cities,33.86313625641026,-118.39856584615384,1.3125714285714285,0.585,24.753846153846155,0.6717948717948717,27.168323301289217,25.66206291072663,30.98053036699214,44.6230201630437,0.823608090817975,0.014490466798159107,0.08717948717948718,0.17435897435897435,0.5025641025641026,0.48717948717948717,29.0,26.14985163204748,140,6036.0,2835.0,140,192.0,0.18974358974358974,2.129100529100529,False,195.0,230.0,1.1640047799581734,0.47650249254301313,235.0,,120.0,50.0,0.28205128205128205,0.3076923076923077,0.09646858158628496,0.23624617130120407,0.20707539598247215,0.25943734239329236,0.12384943181366957
Highland Park,184,False,City of Los Angeles,34.115102934782605,-118.19622630434783,1.5344871794871795,1.065,51.80434782608695,0.7119565217391305,13.307599210725945,7.93356076240786,14.706368985989174,42.23746524404811,28.99280717898927,0.01110586011342155,0.07608695652173914,0.14130434782608695,0.32608695652173914,0.41847826086956524,5.0,38.957746846001456,156,8755.0,3492.5,156,304.5,0.375,2.5068002863278456,True,90.0,63.25,0.7987191511502969,0.3494795057717227,100.0,,60.0,25.0,0.15217391304347827,0.42391304347826086,0.1544424155686501,0.18446172779571923,0.14263614706480482,0.2425600678238314,0.14546485913829882
Historic South-Central,66,True,City of Los Angeles,34.02443424242424,-118.26293712121212,1.4303846153846154,1.295,17.09090909090909,0.2727272727272727,11.301548104699556,3.5600836090589123,15.290463057890525,39.34365042856713,19.269720476888004,0.17539026629935722,0.5454545454545454,0.6818181818181818,0.7575757575757576,0.3939393939393939,1.0,8.119094704460558,52,217.25,161.0,52,191.5,0.22727272727272727,1.3493788819875776,False,24.5,40.0,2.3032694129318445,0.5737912997883455,65.0,,50.0,23.0,0.21212121212121213,0.22727272727272727,0.2254036027708116,0.09872268398640145,0.10488854356148043,0.3616085894957716,0.13361900442795913
Hollywood,1615,False,City of Los Angeles,34.097973665634676,-118.33475320743034,1.5135573770491804,0.94,33.62600619195047,0.730030959752322,0.9735368807361543,9.983598138612438,4.719993101576582,49.983083639711104,17.574637218077132,0.005285970343816197,0.3089783281733746,0.12012383900928793,0.6247678018575852,0.5213622291021672,30.0,25.0,1220,5427.5,2200.5,1220,237.0,0.23653250773993809,2.466484889797773,False,111.0,99.0,2.372544431346372,0.45618427851732485,130.0,313.0,70.0,36.5,0.24458204334365324,0.35356037151702785,0.10521377100924502,0.22338288674686507,0.13441686046375173,0.23671505507697005,0.21977607066601643
Hollywood Hills,787,False,City of Los Angeles,34.11443171537484,-118.33292975857687,1.4861764705882352,0.86,40.77636594663278,0.8017789072426937,1.8935356541622659,10.536451420007952,3.7513702855473117,50.658608365453084,19.111684879699087,0.004389951708916656,0.17662007623888182,0.09148665819567979,0.5298602287166455,0.420584498094028,5.0,30.495169082125607,612,9312.0,4898.75,612,207.0,0.21601016518424396,1.9008930849706558,False,140.0,195.0,1.6989359204806367,0.5729205561995848,163.0,135.0,95.0,47.5,0.22236340533672172,0.3468869123252859,0.08485026050836596,0.2447201369992262,0.1501404636260089,0.2589280686268832,0.1533559876473937
Hollywood Hills West,521,False,City of Los Angeles,34.10458412667946,-118.37135735124761,1.3168802228412255,0.79,28.37236084452975,0.8349328214971209,3.130445064680303,13.212974840082667,4.189339915808171,52.95620702424531,15.773432138809742,0.0038866641369579395,0.11900191938579655,0.0671785028790787,0.4894433781190019,0.2591170825335892,3.0,30.666666666666668,359,12000.0,8000.0,359,188.0,0.18234165067178504,1.5,False,347.0,988.0,1.7437474691278907,0.6527482778017835,490.0,,98.0,39.0,0.31094049904030713,0.30902111324376197,0.056642221323650876,0.3204673062686361,0.13338751313755318,0.22096607165977697,0.15913189720731186
Huntington Park,6,True,Other Cities,33.980201666666666,-118.21724166666667,1.194,1.42,23.5,0.5,17.51412575385273,8.535622722662879,21.50117593484456,33.45692095752037,20.947705438575447,0.16666666666666669,0.0,0.8333333333333334,0.3333333333333333,0.0,1.5,21.875,5,1182.5,1182.5,5,338.0,0.5,1.0,True,64.0,84.0,0.7361555097384738,0.36835278858625164,145.0,,46.0,19.0,0.16666666666666666,0.5,0.24110064890886804,0.13638062628595296,0.06894240179535767,0.254007243403407,0.2995690796064143
Hyde Park,79,True,City of Los Angeles,33.98655810126582,-118.33366924050634,1.8443661971830985,1.27,31.303797468354432,0.6329113924050633,12.614837343772429,11.474698039261469,16.703660551612316,42.71141018029206,11.34677152619099,0.04214068258291942,0.17721518987341772,0.3291139240506329,0.4430379746835443,0.24050632911392406,2.0,14.285714285714285,71,2418.0,1567.5,71,186.0,0.11392405063291139,1.5425837320574163,False,80.0,44.5,0.6593418910950215,0.3131163450801966,87.0,,49.0,25.0,0.10126582278481013,0.25316455696202533,0.2142604778103781,0.14757408618687487,0.12914946279418052,0.2244846510709349,0.11997436011231516
Industry,47,True,Other Cities,33.99317361702128,-117.91174361702129,1.2965116279069768,0.59,19.574468085106382,0.8936170212765957,40.83687546987633,30.786536767284932,43.37715443639757,19.838565646376416,36.33057769187973,0.07197827071072883,0.425531914893617,0.48936170212765956,0.851063829787234,0.02127659574468085,1.0,23.88059701492537,43,684.0,684.0,43,118.0,0.19148936170212766,1.0,False,104.0,31.5,0.31853191314546775,0.16484433651664424,107.0,,51.0,,0.0851063829787234,0.40425531914893614,0.12139744958508547,0.13174152888485766,0.07884317986260367,0.19521948436240932,0.04726644241142685
Inglewood,402,False,Other Cities,33.959902512437814,-118.34804072139303,2.3589910979228486,1.76,41.54477611940298,0.4975124378109453,15.712559533283489,14.350128604916566,19.743296839811233,43.399924808959554,8.807518824750815,0.013601148486423601,0.23134328358208955,0.208955223880597,0.6268656716417911,0.024875621890547265,2.0,15.670103092783506,337,1875.0,1750.0,337,194.0,0.14925373134328357,1.0714285714285714,False,80.0,82.0,1.2583992998438693,0.4088788387211361,125.0,90.5,58.0,40.0,0.16169154228855723,0.20149253731343283,0.12169215838394418,0.13580873584505587,0.10776384920184066,0.4687323689351377,0.10630139509670819
Irwindale,4,True,Other Cities,34.1237975,-117.976005,1.6824999999999999,1.495,57.0,0.5,33.14444343687563,25.267465591046772,34.352730954439835,34.94535115494779,45.05438786505391,0.625,0.0,1.0,0.75,0.0,2.0,32.02353202353203,4,2928.0,2928.0,4,41.5,0.0,1.0,False,62.0,6.25,0.17626273113505808,0.07845188284518828,57.5,,62.0,,0.0,0.0,0.5180128954068914,0.02834344105854776,0.05163784105830355,0.12574960376229294,0.02625621871396432
Jefferson Park,61,True,City of Los Angeles,34.03125295081967,-118.32200573770491,1.9545283018867925,1.46,46.18032786885246,0.6721311475409836,7.958989378778752,7.598566444055255,12.17346027813046,44.48022758695012,14.570284137088258,0.02768073098629401,0.0,0.26229508196721313,0.4262295081967213,0.32786885245901637,3.0,25.0,53,4470.0,3162.0,53,261.0,0.2786885245901639,1.413662239089184,False,90.0,64.0,0.7128240521211312,0.3200355924662613,108.0,,59.5,,0.13114754098360656,0.3770491803278688,0.18373873963787143,0.15609861281455004,0.20293880248327809,0.29329606630933747,0.14753433613201214
Koreatown,518,False,City of Los Angeles,34.062665193050194,-118.30113675675675,1.315114503816794,0.61,32.78957528957529,0.527027027027027,5.751923495789237,5.5054460047219305,9.824708968279047,44.92586473248679,17.9572837821027,0.010151905904801658,0.2799227799227799,0.1640926640926641,0.6081081081081081,0.5598455598455598,30.0,26.19047619047619,393,3657.0,1425.0,393,276.0,0.2915057915057915,2.566315789473684,False,79.5,55.0,3.633819415286767,0.49847542987175486,98.0,173.0,65.0,22.0,0.2413127413127413,0.416988416988417,0.12658907589724547,0.17787181705917632,0.1616890682999405,0.2515229815944153,0.22055099537316064
La Canada Flintridge,41,True,Other Cities,34.21189756097561,-118.20475292682927,0.8803703703703704,0.33,28.24390243902439,0.4634146341463415,17.553587018186544,18.256628852632264,15.948241460306416,52.21313055414774,35.10021468139646,0.0529446757882213,0.0,0.34146341463414637,0.3170731707317073,0.024390243902439025,3.0,30.3030303030303,27,3400.0,2612.5,27,281.0,0.17073170731707318,1.3014354066985645,False,150.0,205.0,1.061645959519298,0.4893021721338344,250.0,,95.0,300.0,0.34146341463414637,0.34146341463414637,0.1165466396174844,0.19403422212506058,0.18732305488256792,0.2650411948789586,0.0907134250812943
La Crescenta-Montrose,19,True,Unincorporated Areas,34.22428736842105,-118.23606052631578,1.3433333333333333,0.56,27.526315789473685,0.5789473684210527,16.44533748125436,19.200388204605883,14.129409871585993,54.82248810507227,33.702932237945575,0.06925207756232686,0.0,0.42105263157894735,0.42105263157894735,0.05263157894736842,2.0,23.13592012707057,18,2051.25,2051.25,18,277.0,0.42105263157894735,1.0,True,100.0,64.5,0.5176494720499392,0.2664691530149878,131.0,,75.0,150.0,0.05263157894736842,0.47368421052631576,0.11448302517389376,0.12931096837809902,0.11807682806309291,0.44012655846723314,0.14537104097031273
La Habra Heights,16,True,Other Cities,33.955600000000004,-117.949356875,1.1658333333333333,0.8999999999999999,27.375,0.5,39.67713940526099,29.37690958477892,42.54205485733332,16.303144232370634,31.534564009467374,0.0625,0.0,0.3125,0.125,0.0625,2.5,30.392156862745097,12,2935.0,2935.0,12,208.5,0.3125,1.0,True,99.5,114.75,0.7752898807901346,0.374107529208135,100.0,,71.0,275.0,0.25,0.3125,0.0695353415320243,0.1773324115946366,0.22332724013812144,0.3174900777431359,0.08731492899208167
La Mirada,8,True,Other Cities,33.90064625,-118.00278374999999,1.425,0.23,31.375,0.125,38.638035682467404,28.31976791963772,42.158365561320785,12.151613710400015,22.88938548014687,0.25,0.0,1.0,0.625,0.25,2.0,35.28846153846153,4,120.75,120.75,4,147.0,0.375,1.0,True,62.5,38.5,0.6252833927263933,0.2999116607773852,165.0,,60.0,,0.5,0.25,0.07220129719959521,0.15690955389912392,0.20432211011783055,0.512017204522561,0.054549834260889225
La Puente,12,True,Other Cities,34.029449166666666,-117.9483225,1.43,0.27,30.75,0.4166666666666667,37.09131052118677,27.334677498867094,39.33715399783529,24.311497812857688,37.657791899990315,0.16666666666666669,0.0,0.75,0.6666666666666666,0.0,2.0,25.0,11,528.0,528.0,11,345.5,0.5,1.0,True,59.5,66.5,0.968726482298608,0.4252745621846245,115.0,,41.0,38.0,0.08333333333333333,0.5,0.1643152582602523,0.06282504162105781,0.06800287061261928,0.1631836338601639,0.04167319564590669
La Verne,16,True,Other Cities,34.105109375,-117.76891875,2.1366666666666667,1.7149999999999999,40.5625,0.5625,52.8129419884408,44.16884544862353,54.205311926123315,34.960846355835095,54.84398059121997,0.0859375,0.125,0.5,0.4375,0.375,2.5,15.623488773747841,12,4454.5,1848.75,12,113.5,0.0,2.4094658553076402,False,68.5,78.75,0.6216595467617055,0.3226307189542484,125.0,,49.0,,0.25,0.25,0.15632694615466733,0.2176244641162977,0.08300040122114642,0.22186234741913446,0.13368584108875406
Ladera Heights,47,True,Unincorporated Areas,33.985009361702126,-118.37484893617021,1.737,1.275,44.340425531914896,0.48936170212765956,13.331128925712045,14.332739959329459,17.165454596679222,46.36044314118006,7.850045540335521,0.04662743322770483,0.0,0.3617021276595745,0.6382978723404256,0.06382978723404255,2.0,27.02201257861635,40,4599.0,4443.0,40,192.0,0.14893617021276595,1.0351114112086428,False,106.0,125.5,1.5317214152824656,0.5045217659643555,200.0,,72.0,,0.14893617021276595,0.2553191489361702,0.11756420030812094,0.1807754335026789,0.13818210911765158,0.3176695706007903,0.11814911200267311
Lake Balboa,70,True,City of Los Angeles,34.20053985714286,-118.50676757142857,1.278709677419355,0.725,30.885714285714286,0.6285714285714286,18.876355998514036,29.270550727049823,15.79230994645317,69.20713231408155,18.808291853119545,0.028163265306122443,0.11428571428571428,0.2714285714285714,0.4714285714285714,0.37142857142857144,3.0,24.713804713804713,62,3018.0,1839.75,62,197.0,0.12857142857142856,1.6404402772115776,False,95.0,96.25,0.9714368134081273,0.4558832202890003,125.0,,60.0,24.5,0.11428571428571428,0.2857142857142857,0.1170969032907234,0.21246456155997928,0.17238794954328526,0.2911195777575321,0.14978815070562282
Lake Hughes,1,True,Unincorporated Areas,34.67238,-118.42953,0.64,0.64,4.0,1.0,63.997432650750895,70.89712966213814,59.818446424084144,106.54956003071004,71.50273238316687,1.0,0.0,1.0,0.0,0.0,2.0,6.25,1,1200.0,1200.0,1,190.0,0.0,1.0,False,300.0,0.0,,,300.0,,,,0.0,0.0,0.03222304025449804,0.2207100693669466,0.15047714366048864,0.43708459380723197,0.15950515291083484
Lake Los Angeles,7,True,Unincorporated Areas,34.60735714285714,-117.83758999999999,0.5666666666666667,0.57,5.571428571428571,0.2857142857142857,73.7516448210342,72.96570360765242,71.4662597825155,89.66944396137643,91.21316296952271,0.30612244897959184,0.0,1.0,0.7142857142857143,0.0,2.0,22.80701754385965,3,275.0,275.0,3,276.0,0.14285714285714285,1.0,False,40.0,167.5,1.251564712272314,0.5483870967741935,375.0,,40.0,,0.5714285714285714,0.2857142857142857,0.056016392408482205,0.21288509740897332,0.1777420031531862,0.3602816484352785,0.19307485859407977
Lake View Terrace,2,True,City of Los Angeles,34.280834999999996,-118.386105,0.7,0.7,18.5,0.0,20.432610680346976,28.518290193535933,16.22653495801569,67.59953559193573,31.5796909523091,0.5,0.0,1.0,0.0,0.5,16.0,26.733013040494164,2,9309.0,1665.0,2,240.5,0.0,5.590990990990991,False,54.5,5.5,0.14271879987251418,0.05045871559633028,,,54.5,,0.0,0.0,0.04607123430341545,0.12117506522637471,0.12589746979453134,0.163462985050933,0.04339324562474547
Lakewood,51,True,Other Cities,33.84949411764706,-118.12599705882353,1.6451219512195123,1.06,32.94117647058823,0.45098039215686275,33.86034062499676,24.77963591766424,37.983682250226856,20.666025811879024,12.691956193496118,0.02422145328719724,0.0196078431372549,0.19607843137254902,0.23529411764705882,0.058823529411764705,2.0,19.48051948051948,41,2080.0,1235.0,41,257.0,0.19607843137254902,1.6842105263157894,False,75.0,72.0,1.6349937115729676,0.48015844479601133,126.0,,59.0,45.0,0.19607843137254902,0.3137254901960784,0.20134826626616933,0.13840717058354804,0.11340789947319822,0.2999209229612451,0.10966083875505495
Lancaster,118,False,Other Cities,34.682024152542375,-118.16272398305084,1.4543877551020408,1.02,19.74576271186441,0.1864406779661017,66.73976088999041,70.25249592833958,63.20888172059114,99.1230388622707,80.38580640244562,0.022694627980465388,0.0,0.2288135593220339,0.6101694915254238,0.00847457627118644,2.0,14.354395604395604,98,368.5,368.5,98,195.5,0.19491525423728814,1.0,False,40.5,29.75,0.7943350740445145,0.3369149023174664,107.5,,40.0,,0.1694915254237288,0.22033898305084745,0.14386289075866238,0.14195201030891197,0.19284205653637854,0.2008405866511451,0.10016347269405457
Larchmont,84,True,City of Los Angeles,34.080087500000005,-118.31670916666666,1.1632203389830507,0.46,31.416666666666668,0.6904761904761905,3.2100239746272914,7.371111818289662,7.313621973763855,47.24454669871979,17.643454827673217,0.01785714285714285,0.07142857142857142,0.16666666666666666,0.39285714285714285,0.40476190476190477,6.0,34.24657534246575,59,6045.0,1794.0,59,259.5,0.3333333333333333,3.369565217391304,True,112.0,114.0,0.9987389055038232,0.446473947040529,133.0,,62.5,25.5,0.2976190476190476,0.4166666666666667,0.05926733639206289,0.18405091016341857,0.15192820907041163,0.33467414590674,0.15103177941974788
Lawndale,81,True,Other Cities,33.88881012345679,-118.35601111111112,1.335072463768116,0.95,28.308641975308642,0.38271604938271603,23.794661545021075,21.14341626340886,27.794380869369007,41.311152762931656,5.045191908442503,0.04862063709800336,0.345679012345679,0.3950617283950617,0.5432098765432098,0.1111111111111111,2.0,14.838709677419354,69,495.0,420.0,69,304.0,0.2345679012345679,1.1785714285714286,False,52.0,50.0,0.7320619616723965,0.3753794079530728,99.0,,54.5,17.5,0.14814814814814814,0.2962962962962963,0.147852126513385,0.14905264740918306,0.1396736271489992,0.3592312463460729,0.09307924147124874
Leimert Park,54,True,City of Los Angeles,34.01158777777778,-118.32656944444444,1.669591836734694,1.36,40.98148148148148,0.5370370370370371,10.297542395392089,8.873680726908308,14.454779550414498,43.710275511824634,13.317078176522312,0.030178326474622767,0.0,0.24074074074074073,0.4444444444444444,0.24074074074074073,2.0,29.87012987012987,49,3864.0,2970.0,49,277.0,0.2037037037037037,1.301010101010101,False,79.5,65.75,0.9280139280885948,0.3804634841220207,100.0,,61.0,,0.09259259259259259,0.4444444444444444,0.08631904073065456,0.206107636514819,0.14459525711264806,0.22125240873929944,0.2676515828285049
Lennox,28,True,Unincorporated Areas,33.93817357142857,-118.35547321428571,2.0968181818181817,1.345,28.821428571428573,0.35714285714285715,18.27900293655021,16.524782646068196,22.304166236455437,42.60728242947889,7.147545491987287,0.10969387755102042,0.0,0.6785714285714286,0.6785714285714286,0.03571428571428571,2.5,14.228804068872195,22,951.0,951.0,22,10.5,0.03571428571428571,1.0,False,67.0,53.25,0.5609065210570338,0.2844393518817378,105.5,,65.0,32.0,0.21428571428571427,0.10714285714285714,0.12887455491427932,0.06929116162164323,0.0967926703337441,0.6226096829915845,0.04671764442446317
Leona Valley,2,True,Unincorporated Areas,34.62926,-118.32278,1.3099999999999998,1.3099999999999998,2.0,1.0,58.79957916066657,64.50506164963124,54.80121923158123,98.19486277399272,69.48056725986287,0.5,0.0,1.0,0.0,0.0,2.0,10.583657587548638,2,1284.0,1284.0,2,53.0,0.0,1.0,False,458.0,368.0,1.1363113339591682,0.4017467248908297,458.0,,,,0.0,0.5,0.5014553235485373,0.017420108488748854,0.008241657419644164,0.4728829105430697,0.0
Lincoln Heights,66,True,City of Los Angeles,34.07379136363636,-118.21112833333333,1.3792307692307693,1.0,27.575757575757574,0.5151515151515151,12.275049025138665,3.6866296493557122,14.876905954043707,39.79439835187651,25.731355051526123,0.045913682277318645,0.21212121212121213,0.3484848484848485,0.5757575757575758,0.48484848484848486,19.0,20.0,52,7725.0,2327.5,52,191.0,0.21212121212121213,3.319011815252417,False,80.0,88.75,0.696672020298688,0.3719070198386745,115.0,,44.5,25.0,0.21212121212121213,0.2878787878787879,0.1527834036084957,0.1804949925225791,0.14597301346711727,0.367350677443141,0.10794336750412142
Lomita,26,True,Other Cities,33.79209846153846,-118.3175376923077,1.8618181818181818,1.08,45.03846153846154,0.5769230769230769,34.59663056523506,30.114931967385658,38.72220346948326,36.78212910891743,7.181072589284575,0.050295857988165694,0.038461538461538464,0.3076923076923077,0.23076923076923078,0.038461538461538464,1.5,26.82617769827072,22,1381.5,1381.5,22,207.0,0.23076923076923078,1.0,False,77.5,64.75,0.7221020921112411,0.3430930930930931,92.0,,55.0,,0.15384615384615385,0.34615384615384615,0.19177544497596966,0.1125105212358708,0.11265379170902382,0.2719005831515003,0.11885196661994318
Long Beach,1573,False,Other Cities,33.78155291163382,-118.16665058486967,1.865674486803519,1.26,41.97838525111252,0.6694214876033058,39.662817933416946,31.93216451069824,43.871000653368576,23.87851819228498,3.7892207836605123,0.0022814266009087716,0.10362364907819453,0.059758423394787034,0.5270184361093452,0.0712015257469803,2.0,25.0,1364,2800.0,2364.5,1364,236.0,0.25429116338207247,1.184182702474096,False,105.0,84.0,1.9357387610856227,0.4039037257415233,125.0,86.0,66.0,40.0,0.13286713286713286,0.30324221233312143,0.14222011550410335,0.19948567428139907,0.15270450620097833,0.2990022882922327,0.12712142716438893
Lopez/Kagel Canyons,2,True,Unincorporated Areas,34.30191,-118.386755,0.72,0.72,5.0,0.0,22.69940594082501,30.613948263978834,18.49130945904487,69.44916713945956,33.63531374054575,0.5,0.0,1.0,0.0,0.0,2.5,13.88888888888889,1,875.0,875.0,1,275.5,0.5,1.0,True,147.5,27.5,0.2636669353576957,0.09322033898305085,,,147.5,,0.5,0.5,0.022078934225967056,0.06348992125978295,0.11538648718541773,0.2224599721936818,0.0765846851351504
Los Feliz,333,False,City of Los Angeles,34.106114294294294,-118.28728366366366,1.1495471698113207,0.44,40.63963963963964,0.8438438438438438,5.059032537715622,7.272595017497328,7.070370560980406,47.15518886542759,21.533899492295745,0.004842680518356194,0.05105105105105105,0.07807807807807808,0.34534534534534533,0.4924924924924925,21.0,42.81437125748503,265,8910.0,3780.0,265,299.0,0.4264264264264264,2.357142857142857,True,115.0,82.0,2.0832309519917867,0.49645231239605797,125.0,,75.0,89.0,0.2042042042042042,0.5045045045045045,0.12256240886757391,0.19457775839379549,0.14693279861808875,0.23985116498965287,0.19397376702878685
Lynwood,17,True,Other Cities,33.92639588235294,-118.20998352941176,1.54875,1.19,42.76470588235294,0.29411764705882354,22.378932293337005,13.991215023347557,26.50103203022312,30.039137910533793,18.891339521856622,0.16262975778546712,0.0,0.7647058823529411,0.7058823529411765,0.0,1.0,13.011730205278592,16,945.25,945.25,16,186.0,0.11764705882352941,1.0,False,66.0,25.0,0.45741461123209715,0.19970112756418965,90.0,57.5,58.5,,0.058823529411764705,0.35294117647058826,0.12639529034069044,0.17953635179930952,0.18148151309438187,0.3061988633394745,0.14756445201437896
Malibu,398,False,Other Cities,34.032871407035174,-118.73568432160805,1.857431506849315,1.07,34.19095477386934,0.914572864321608,37.132570703460566,45.37885085741785,36.98312449991101,79.19970040042911,1.096263256432815,0.009898739930809827,0.20351758793969849,0.15577889447236182,0.635678391959799,0.052763819095477386,3.0,25.0,292,15181.0,14011.25,292,213.5,0.1708542713567839,1.0834864840752967,False,816.5,1569.25,1.424638622273247,0.5914544645288896,903.0,,220.0,88.0,0.2663316582914573,0.21105527638190955,0.04837891035948749,0.3117575640067296,0.15671552919462076,0.19932619188628248,0.1280429100805179
Manchester Square,18,True,City of Los Angeles,33.96897555555555,-118.30464555555555,1.0154545454545454,0.28,9.277777777777779,0.3888888888888889,14.85516573781989,10.822794461155787,19.08398400786375,39.61902937710455,13.021895679309978,0.19135802469135804,0.0,0.6666666666666666,0.6111111111111112,0.2777777777777778,3.0,12.5,11,1755.0,450.0,11,185.0,0.1111111111111111,3.9,False,80.5,118.5,0.9242895340505749,0.45434428138830657,166.0,,49.0,75.0,0.3888888888888889,0.3333333333333333,0.11753533932858898,0.09888561512257227,0.16045540473961564,0.309089609217658,0.1473673649248985
Manhattan Beach,188,False,Other Cities,33.89227143617021,-118.40855792553192,0.5686178861788618,0.23,15.404255319148936,0.7819148936170213,24.048827080081285,23.536468354130605,27.769737371251832,46.20983055438886,0.26523301638138186,0.008091896785875963,0.015957446808510637,0.09042553191489362,0.4308510638297872,0.9361702127659575,30.0,40.0,123,18750.0,3570.0,123,190.5,0.2074468085106383,5.2521008403361344,False,225.0,300.0,1.1500941198273873,0.49641377680538507,295.0,,95.0,,0.34574468085106386,0.5159574468085106,0.12380231636354687,0.26818977359310314,0.15961620117005124,0.2662076827168329,0.1396308346671041
Mar Vista,327,False,City of Los Angeles,34.0061229969419,-118.4363023853211,1.5430960854092528,0.84,46.57798165137615,0.6758409785932722,13.94587722451146,18.73358739542768,16.68824070368675,52.31990258107162,3.7958026273893535,0.008239111934087107,0.12844036697247707,0.12844036697247707,0.42813455657492355,0.3241590214067278,3.0,32.06349206349206,281,6039.0,3150.0,281,281.0,0.3180428134556575,1.917142857142857,True,104.0,95.0,1.4262188826483495,0.4886660374110102,133.0,,66.0,,0.14067278287461774,0.382262996941896,0.14659521998621514,0.17107946160577972,0.14188557201461385,0.30946459965340495,0.11476719566964992
Marina del Rey,201,False,Unincorporated Areas,33.97854368159204,-118.45727746268656,1.5505479452054793,1.04,14.985074626865671,0.845771144278607,17.536934647513426,21.598165846416677,20.225563902463843,53.169694014771004,0.5554676010690559,0.021459864854830316,0.3034825870646766,0.263681592039801,0.6019900497512438,0.13432835820895522,2.0,12.5,146,2064.75,1459.5,146,103.0,0.1791044776119403,1.4146968139773894,False,213.0,131.0,0.5899006563352726,0.27502449888069336,219.5,,116.0,40.0,0.2736318407960199,0.29850746268656714,0.07254697391244565,0.22932485055929175,0.1499684793428901,0.28431691220592153,0.1693154207953714
Mayflower Village,23,True,Unincorporated Areas,34.11291173913043,-118.00879043478263,1.8824999999999998,1.725,25.130434782608695,0.30434782608695654,30.46184127847365,22.440196439577875,31.81282699214405,34.4143524363218,43.14024259900943,0.11909262759924387,0.043478260869565216,0.6521739130434783,0.7391304347826086,0.0,1.0,13.194680891310103,20,626.5,626.5,20,196.0,0.08695652173913043,1.0,False,49.0,95.5,0.8350384277274212,0.40561872909699,179.0,,45.0,28.0,0.13043478260869565,0.2608695652173913,0.13753117033998596,0.13050055116701484,0.13789396915456112,0.18220312363244232,0.06404509874947402
Maywood,10,True,Other Cities,33.986489,-118.18119899999999,1.02,0.71,15.4,0.9,19.544527509276506,9.458907904004525,23.237402420130593,30.9002669729501,24.172993523355757,0.6600000000000001,0.8,1.0,0.8,0.0,3.5,25.0,9,750.0,750.0,9,12.5,0.1,1.0,False,51.0,3.75,0.20085377304007995,0.08717948717948718,50.0,,65.0,,0.1,0.2,0.3092340512626235,0.1236149584390881,0.09597759620585095,0.2916365111862961,0.07953688290614133
Mid-City,397,False,City of Los Angeles,34.042192921914356,-118.36087732997483,1.504865671641791,0.76,41.214105793450884,0.6045340050377834,6.8818418018609275,10.947521011123115,10.757170464274864,48.225398067535544,11.912078866056179,0.005602471940054185,0.08564231738035265,0.0906801007556675,0.5239294710327456,0.45843828715365237,8.0,32.25806451612903,335,7395.0,2725.0,335,193.0,0.20151133501259447,2.7137614678899085,False,85.0,70.0,0.9294794394128412,0.3811900566154779,118.0,127.0,59.5,37.5,0.1561712846347607,0.3904282115869018,0.13606127787495087,0.20730456595845484,0.13341640118527687,0.2630926799185182,0.16440719093181685
Mid-Wilshire,514,False,City of Los Angeles,34.06064149805448,-118.34906517509727,1.1755276381909547,0.57,31.766536964980546,0.7042801556420234,4.520960900644949,9.943885261728141,8.505689169613024,48.541139729518044,14.126411170231963,0.0044058199215733776,0.13618677042801555,0.07392996108949416,0.4727626459143969,0.5175097276264592,30.0,28.539107950872655,398,5697.25,2485.5,398,196.5,0.2821011673151751,2.292194729430698,False,114.5,81.75,1.007709282823203,0.3790973062815777,136.5,,75.0,40.0,0.22568093385214008,0.46303501945525294,0.1035645349583205,0.2186272324714018,0.15741829053021633,0.29109525937785447,0.1981662779929462
Mission Hills,9,True,City of Los Angeles,34.26519444444445,-118.45910333333333,1.0799999999999998,0.51,25.77777777777778,0.4444444444444444,21.029948151320053,30.524811000481055,16.919255583811488,70.5002714492041,27.32425663788521,0.13580246913580246,0.0,0.6666666666666666,0.4444444444444444,0.0,2.0,31.11111111111111,7,529.0,529.0,7,32.0,0.2222222222222222,1.0,False,100.0,114.0,0.6886468474137981,0.34381931841096997,160.0,,46.0,,0.2222222222222222,0.1111111111111111,0.3371867348841021,0.04214559138363021,0.26102205029336417,0.2000986789337421,0.04843583339405025
Monrovia,87,True,Other Cities,34.144998275862065,-118.00436586206897,1.262394366197183,0.79,24.04597701149425,0.5287356321839081,31.44121897007097,24.24870234266153,32.22422114714413,37.88251393670796,46.358528428047556,0.022592152199762187,0.0,0.21839080459770116,0.5402298850574713,0.034482758620689655,2.0,24.13793103448276,71,1900.0,1170.0,71,217.0,0.2413793103448276,1.623931623931624,False,85.0,81.0,0.7320634888818324,0.36062564600689906,125.5,,46.0,,0.1839080459770115,0.27586206896551724,0.150694273884358,0.1470657493399668,0.15912909720223026,0.26000590647657684,0.09919692711985661
Montebello,32,True,Other Cities,34.0146534375,-118.1163596875,1.1373076923076924,0.9550000000000001,27.28125,0.375,23.203076179015984,12.930600010552979,26.265317035379752,28.88037530568738,29.66241349491049,0.07421875,0.0,0.46875,0.46875,0.09375,2.0,30.06094329623741,26,1400.0,1172.0,26,191.5,0.25,1.1945392491467577,False,66.5,78.5,1.0489871413559506,0.47825770796974987,142.5,,50.0,30.5,0.1875,0.4375,0.19877927527407865,0.1343339603835465,0.13274400478875426,0.2166749465901928,0.22371781296342783
Montecito Heights,66,True,City of Los Angeles,34.09360409090909,-118.19160454545455,1.785,1.255,51.93939393939394,0.5454545454545454,14.088178211240626,6.405148865503084,16.043785200621848,40.190083571183195,28.407612645661846,0.018824609733700648,0.0,0.16666666666666666,0.2878787878787879,0.3181818181818182,3.0,41.18624307781988,52,7425.0,5622.5,52,274.5,0.36363636363636365,1.3205869275233437,True,85.0,66.75,0.7844303552313001,0.37607588822639776,110.0,,59.0,50.0,0.21212121212121213,0.2878787878787879,0.09383096410453559,0.18432893871199948,0.14046126685144103,0.33096282288200796,0.0989008559348645
Monterey Park,235,False,Other Cities,34.0598754893617,-118.13069370212766,1.2011340206185568,0.73,29.459574468085105,0.34893617021276596,19.50423540272836,10.261201651496881,21.99697341366993,33.9208364321547,31.93926282149943,0.04514259846084197,0.20851063829787234,0.30638297872340425,0.774468085106383,0.08936170212765958,2.0,25.0,194,1447.5,985.25,194,186.0,0.20425531914893616,1.469170261354986,False,70.0,115.5,0.8710930938016446,0.43251349010935625,182.5,,50.0,25.0,0.17446808510638298,0.3872340425531915,0.14536926245039652,0.08919080840943079,0.10673310853048062,0.18872677124064752,0.05295877277329985
Mount Washington,97,True,City of Los Angeles,34.10174907216495,-118.21828319587628,1.9526136363636366,1.2650000000000001,70.22680412371135,0.7731958762886598,11.274561952803301,5.563881370684048,13.207341749347211,42.47500035930466,26.485227374381495,0.018174088638537575,0.010309278350515464,0.18556701030927836,0.422680412371134,0.23711340206185566,3.0,35.3070885256514,88,8774.25,5779.0,88,286.0,0.25773195876288657,1.518299013670185,False,91.0,73.0,1.1204485895701612,0.3795586412559445,100.0,,78.0,,0.09278350515463918,0.3402061855670103,0.12322690560901824,0.2755321558002618,0.1969879181654766,0.23273539992725092,0.13028050709593061
North El Monte,18,True,Unincorporated Areas,34.10329777777778,-118.02457111111113,1.556,1.29,32.833333333333336,0.3888888888888889,29.00760944881882,20.775216242710286,30.497476640724692,33.77311861824899,41.56490125455387,0.09259259259259259,0.05555555555555555,0.5555555555555556,0.6666666666666666,0.16666666666666666,3.5,32.6530612244898,15,2166.0,2166.0,15,285.0,0.16666666666666666,1.0,False,72.5,72.25,0.5974619927932286,0.32010286918262376,125.0,,65.0,,0.16666666666666666,0.3888888888888889,0.2704773979490453,0.08948341596674919,0.18638719324461897,0.23273588080715932,0.054249445365760526
North Hills,45,True,City of Los Angeles,34.238560666666665,-118.47651977777778,1.2057894736842105,0.75,26.377777777777776,0.37777777777777777,19.37180183823435,29.344632203505352,15.506398496717045,69.5050625281922,23.746916863511302,0.07358024691358026,0.2222222222222222,0.4222222222222222,0.5111111111111111,0.4888888888888889,18.0,24.724075197089146,38,5830.0,2401.25,38,310.0,0.4444444444444444,2.4279021343050493,True,60.0,40.0,0.8316640950764835,0.3498862296789758,99.0,,57.0,,0.15555555555555556,0.4222222222222222,0.09695439912350436,0.230168873206808,0.19965838033052594,0.2738972546721572,0.15487664822256003
North Hollywood,392,False,City of Los Angeles,34.17366576530612,-118.375585,1.320923566878981,0.66,31.586734693877553,0.5918367346938775,8.374796732460766,17.745051529004687,4.150083810964597,57.82081228807831,21.457737533144854,0.0045033319450229065,0.05357142857142857,0.06887755102040816,0.4005102040816326,0.39540816326530615,3.0,25.0,314,3780.0,1760.0,314,265.0,0.2729591836734694,2.147727272727273,False,94.5,80.0,1.617890879499933,0.45413874955895894,121.5,,60.0,30.0,0.1989795918367347,0.4030612244897959,0.13720835304490464,0.18903808023769542,0.138408558374251,0.2849722398085847,0.18659725833048257
North Whittier,3,True,Unincorporated Areas,34.01015,-118.04914000000001,0.8150000000000001,0.8150000000000001,15.333333333333334,1.0,28.944590741545728,18.810350219745953,31.673266394994766,25.10623632675254,31.58602817568045,0.3333333333333333,0.0,1.0,0.0,0.0,3.0,48.85531135531135,2,13191.5,12866.5,2,46.0,0.3333333333333333,1.025259394551743,True,300.0,131.0,0.48511324520622656,0.21248986212489862,300.0,,,,0.3333333333333333,0.3333333333333333,0.03970955178131888,0.22174795584305573,0.12760910906477274,0.38572272076367115,0.2252106625471815
Northeast Antelope Valley,9,True,Unincorporated Areas,34.69581111111111,-117.91637444444444,0.46375,0.28500000000000003,2.4444444444444446,0.8888888888888888,77.8047712474906,78.90847995923586,74.87781821017774,100.52097154236743,94.23483652049502,0.16049382716049382,0.0,0.7777777777777778,0.5555555555555556,0.0,1.0,10.347826086956522,8,67.0,67.0,8,2.0,0.0,1.0,False,80.0,207.0,1.1398977980643876,0.5552061495457722,67.0,,85.0,,0.1111111111111111,0.4444444444444444,0.1385174137553566,0.2418459227101487,0.10869110264818098,0.26269721035201377,0.13713723942318878
Northridge,99,True,City of Los Angeles,34.23442717171717,-118.52932171717173,1.5698684210526317,0.9299999999999999,27.86868686868687,0.5151515151515151,22.73068067380251,32.99663147588062,19.1905968461545,73.12521408012918,21.98444443610487,0.018671564126109583,0.020202020202020204,0.1919191919191919,0.5151515151515151,0.25252525252525254,2.0,20.205696202531644,76,3637.5,2362.5,76,190.0,0.15151515151515152,1.5396825396825398,False,88.0,93.0,1.1524349755619647,0.5012312372718464,121.0,,59.5,35.0,0.23232323232323232,0.25252525252525254,0.14038477125096208,0.15968466350240382,0.17741815078645656,0.32926152651180357,0.11244280714029317
Northwest Antelope Valley,1,True,Unincorporated Areas,34.81119,-118.26528,,,0.0,0.0,79.1997646254592,84.25438924366796,75.27891850580806,115.55646992743472,90.24670271286118,1.0,0.0,1.0,0.0,0.0,1.0,,0,,,0,365.0,1.0,,True,25.0,0.0,,,,,25.0,,1.0,0.0,0.0,0.0,0.0,0.0,0.0
Northwest Palmdale,10,True,Unincorporated Areas,34.622052,-118.17303799999999,1.22625,0.7050000000000001,13.7,0.6,60.17756908607884,63.736364859705795,56.63663083123825,93.0144442326226,74.61098349136677,0.24000000000000007,0.0,0.9,0.6,0.1,7.0,9.088486140724946,8,947.75,890.0,8,18.0,0.0,1.0648876404494383,False,69.0,26.75,0.6779896793628166,0.28120481927710844,82.0,,52.5,,0.2,0.0,0.27779699566317195,0.21550979196131342,0.2484391970382271,0.16629456770526596,0.09195944763202156
Norwalk,33,True,Other Cities,33.90313303030303,-118.08224151515152,1.9825000000000002,1.49,46.93939393939394,0.42424242424242425,32.21478247127468,22.211639734938757,35.98372922510717,18.502936662796948,18.951399611304364,0.050505050505050504,0.030303030303030304,0.36363636363636365,0.6363636363636364,0.06060606060606061,2.0,30.37884267631103,28,2634.0,2265.0,28,189.0,0.24242424242424243,1.1629139072847683,False,60.0,42.0,0.6349275923159009,0.2923309478258816,82.0,,50.0,,0.15151515151515152,0.36363636363636365,0.24958566594009277,0.18281223573320887,0.16280198159921833,0.23526712882903816,0.04832086668632062
Pacific Palisades,162,False,City of Los Angeles,34.04493697530864,-118.5372313580247,1.5991056910569106,1.0,40.53086419753087,0.7839506172839507,18.998319869369013,26.853604337254037,19.656442781064058,62.33751700876656,1.6936575657207862,0.015089163237311385,0.15432098765432098,0.17901234567901234,0.5740740740740741,0.2345679012345679,3.0,31.683168316831683,123,9588.0,8736.0,123,171.5,0.19753086419753085,1.0975274725274726,False,210.0,377.0,1.5358080130130962,0.5256971404546223,304.0,,120.0,359.0,0.24074074074074073,0.29012345679012347,0.061859435708693664,0.22701406304909735,0.15324465717179703,0.31867505278029684,0.12192284067283114
Pacoima,13,True,City of Los Angeles,34.262416153846154,-118.4147753846154,2.007,1.75,16.384615384615383,0.5384615384615384,18.64705960060502,27.354184268134404,14.406161539806101,66.94731638345539,28.47921853321357,0.14792899408284027,0.3076923076923077,0.6153846153846154,0.3076923076923077,0.0,2.0,7.008063132612798,10,703.75,703.75,10,286.0,0.23076923076923078,1.0,False,71.0,66.0,0.573327967699046,0.29615384615384616,95.0,,42.5,,0.23076923076923078,0.15384615384615385,0.14269170219763477,0.12845179729535136,0.17834135802662707,0.42597143314936614,0.047620632407943723
Palmdale,96,True,Other Cities,34.583964791666666,-118.13522822916667,1.3833846153846154,0.85,22.166666666666668,0.2708333333333333,57.08941450093815,59.85631396947565,53.73657344020832,87.76116695713536,72.38396895736636,0.033203125,0.11458333333333333,0.2916666666666667,0.625,0.0,2.0,20.0,65,900.0,676.5,65,161.0,0.13541666666666666,1.3303769401330376,False,50.0,60.0,0.7742573134672125,0.37642632598007225,172.0,,43.0,88.5,0.3229166666666667,0.17708333333333334,0.15112323751642806,0.1301321447088081,0.19456110398037005,0.2982724242146157,0.11132775624644477
Palms,249,False,City of Los Angeles,34.024697911646584,-118.4079740562249,0.9796984924623116,0.34,30.779116465863453,0.6184738955823293,10.573777084179305,15.539542924246096,13.593497814355686,50.8682824798195,7.229285140015906,0.014080418057773254,0.13253012048192772,0.17269076305220885,0.41767068273092367,0.6224899598393574,30.0,34.848484848484844,199,5625.0,1615.0,199,236.0,0.3453815261044177,3.48297213622291,True,89.0,60.0,1.8605632780050818,0.3848959853253846,100.0,,60.0,42.0,0.20080321285140562,0.5020080321285141,0.14208372666296773,0.17831347877326273,0.1432101844921382,0.31918535623343547,0.12082171166952115
Palos Verdes Estates,13,True,Other Cities,33.79055692307692,-118.39621076923078,0.762,0.56,6.615384615384615,0.5384615384615384,34.09932659501521,31.6323044917888,37.97966555126595,43.808155605629196,0.9742807419977109,0.07692307692307694,0.0,0.38461538461538464,0.07692307692307693,0.3076923076923077,3.0,17.857142857142854,5,41250.0,6875.0,5,277.0,0.3076923076923077,6.0,True,195.0,247.0,1.0612017597141188,0.4792883420281421,346.0,,92.0,,0.6153846153846154,0.3076923076923077,0.11313853587700776,0.27598407881407644,0.20794806252159653,0.1837539542406363,0.06532921470052912
Panorama City,22,True,City of Los Angeles,34.22799863636364,-118.447265,0.6115789473684211,0.36,17.363636363636363,0.36363636363636365,17.20890901058283,27.122553124978403,13.294558309052029,67.27600727270084,23.35176011788866,0.09917355371900825,0.22727272727272727,0.5,0.4090909090909091,0.3181818181818182,5.0,25.423728813559322,19,2280.0,1500.0,19,223.5,0.3181818181818182,1.52,True,54.5,54.0,0.6165970490593967,0.31635254988913525,128.5,,48.0,30.0,0.13636363636363635,0.36363636363636365,0.1745225587092809,0.1334220105368771,0.18399866775883195,0.299721351766228,0.11742632031969104
Paramount,11,True,Other Cities,33.90531545454545,-118.16857181818182,1.562857142857143,0.27,51.0,0.09090909090909091,26.873453724313432,17.65560145252391,30.89700236241006,25.283238498146556,17.092512205477885,0.14049586776859505,0.0,0.6363636363636364,0.2727272727272727,0.18181818181818182,2.0,34.85477178423236,7,1035.0,643.5,7,276.0,0.2727272727272727,1.6083916083916083,False,60.0,54.5,0.5688554554733215,0.3031835421215952,95.0,,55.0,,0.36363636363636365,0.45454545454545453,0.31482825056466474,0.0417580585577358,0.08694165158140266,0.4750595549194253,0.08141248437677145
Pasadena,459,False,Other Cities,34.15044,-118.13132193899781,1.503879781420765,0.75,42.35729847494554,0.6492374727668845,19.62797391296284,14.910066145286486,20.13400258664281,42.23792034533171,36.02687209266285,0.007902943312401215,0.16122004357298475,0.12854030501089325,0.5708061002178649,0.24618736383442266,2.0,29.46602995441719,366,3930.0,2370.5,366,205.0,0.23311546840958605,1.6578780847922379,False,110.0,91.5,1.0849541455326155,0.4076412379863916,148.0,,69.0,77.5,0.20261437908496732,0.3202614379084967,0.12437713837919072,0.20895877375291547,0.14967189298990238,0.3092313605052366,0.1467586557235174
Pico Rivera,36,True,Other Cities,33.98839666666667,-118.09123444444445,2.1426470588235293,2.335,61.27777777777778,0.3611111111111111,26.118379138780394,15.726544912026476,29.398433923989526,25.419975980636927,27.11430333379552,0.05246913580246913,0.1111111111111111,0.3888888888888889,0.4722222222222222,0.08333333333333333,2.0,25.488826815642458,34,2363.25,1929.75,34,282.0,0.3055555555555556,1.2246404974737661,True,55.5,37.75,0.5683317907974902,0.2794574706339412,89.0,,47.0,30.0,0.05555555555555555,0.2777777777777778,0.2365682114871436,0.11345201546067618,0.13975858154664164,0.25679849484885797,0.0589782522122361
Pico-Robertson,165,False,City of Los Angeles,34.055287212121215,-118.38516393939393,1.1051694915254238,0.63,20.10909090909091,0.703030303030303,6.648170661787529,12.927480107099214,9.770566193929486,50.76435931315979,11.060325544142648,0.017741046831955914,0.10303030303030303,0.21818181818181817,0.5636363636363636,0.5393939393939394,30.0,26.23992736352287,118,6573.5,2018.5,118,215.0,0.26666666666666666,3.256626207579886,False,106.0,122.0,1.9258528556667094,0.6097154226753297,139.5,,68.0,55.0,0.28484848484848485,0.40606060606060607,0.16573517056659726,0.23457338425153124,0.13475182325172064,0.2893281984565297,0.11500536286756056
Pico-Union,97,True,City of Los Angeles,34.046068144329894,-118.28642556701031,1.7444871794871795,1.135,49.577319587628864,0.4020618556701031,8.091716298387372,3.9736951324005316,12.070908241162705,42.565800641815244,18.300498545877467,0.032203209692847255,0.13402061855670103,0.30927835051546393,0.6597938144329897,0.5670103092783505,30.0,22.188346883468835,78,3140.0,1895.0,78,97.0,0.26804123711340205,1.6569920844327177,False,75.0,70.0,1.0295062556520942,0.3969233323728921,150.0,,55.0,35.0,0.1958762886597938,0.3711340206185567,0.15414634634148355,0.19516778097507592,0.09312501483061482,0.34287804954374124,0.11159002480392988
Playa Vista,77,True,City of Los Angeles,33.97683831168831,-118.41771441558443,0.9546153846153846,0.29,20.714285714285715,0.8051948051948052,15.675727793224542,18.20009799259938,18.963952157405526,49.498098099744965,3.9414797952033656,0.021082813290605497,0.12987012987012986,0.2077922077922078,0.44155844155844154,0.4155844155844156,6.0,27.199074074074073,52,5655.5,1812.5,52,236.0,0.3116883116883117,3.1202758620689655,True,149.0,125.0,1.6291656100152208,0.4084206274097156,171.5,,84.0,,0.3246753246753247,0.4025974025974026,0.08669350386063542,0.2729598088313475,0.16634883414733911,0.2737926432534581,0.14825715795916794
Playa del Rey,108,False,City of Los Angeles,33.957732407407406,-118.44199083333334,1.1772727272727272,0.5700000000000001,35.77777777777778,0.7592592592592593,18.565221749794794,21.16445249009673,21.68982470339281,50.86672355868859,1.000912694667133,0.011659807956104249,0.10185185185185185,0.1111111111111111,0.35185185185185186,0.5,29.0,39.64285714285714,88,13575.0,4900.0,88,212.0,0.25,2.770408163265306,False,150.0,178.5,1.048082240859892,0.447449133730018,176.5,,85.0,70.0,0.18518518518518517,0.4722222222222222,0.06803962006344738,0.23266379407952706,0.16765055265454556,0.39791988130543093,0.09668911486001203
Pomona,121,False,Other Cities,34.06595479338843,-117.74991272727272,1.4204950495049504,0.92,32.85123966942149,0.371900826446281,54.817200304206324,45.69507824151144,56.51368583661306,32.1990588896447,53.01555196008022,0.022061334608291776,0.0,0.23140495867768596,0.5537190082644629,0.08264462809917356,2.0,23.25581395348837,101,1064.0,720.0,101,201.0,0.2231404958677686,1.4777777777777779,False,68.0,77.0,1.0521885996126097,0.44761552561340323,143.0,,45.0,200.0,0.1652892561983471,0.4132231404958678,0.1692509887710852,0.12663719892866268,0.1396608586306025,0.26515294439289006,0.08442197621890832
Porter Ranch,15,True,City of Los Angeles,34.280710666666664,-118.54458933333333,1.0755555555555556,0.73,19.666666666666668,0.4666666666666667,27.392370311414847,37.40833571777293,23.568774803956483,77.56603647639227,27.073523292177477,0.07555555555555556,0.0,0.4,0.2,0.3333333333333333,2.0,30.4093567251462,9,1800.0,1100.0,9,186.0,0.26666666666666666,1.6363636363636365,False,99.0,130.0,0.682553252674272,0.356272040302267,175.0,,57.5,,0.4,0.3333333333333333,0.13320340825138052,0.15458982016386208,0.313697145550724,0.27940849177513793,0.05243446759222879
Quartz Hill,9,True,Unincorporated Areas,34.65367666666666,-118.21718888888888,1.4962499999999999,1.645,28.555555555555557,0.4444444444444444,62.69842261854261,67.0997612909462,58.94588014860569,97.95902695327868,75.7699486834085,0.18518518518518517,0.0,0.7777777777777778,0.4444444444444444,0.0,2.0,19.009876844287284,8,2772.0,2655.0,8,186.0,0.0,1.0440677966101695,False,46.0,80.0,0.6316594599530759,0.310038545332663,123.0,,40.0,,0.1111111111111111,0.2222222222222222,0.1956872131657157,0.15264825208171945,0.15748516343343197,0.3304584502294251,0.16372092108970782
Rancho Dominguez,4,True,Unincorporated Areas,33.8604275,-118.2237275,1.2166666666666668,0.76,18.0,0.0,28.91979542340341,21.585727262172774,33.14708389260254,28.703133397669227,12.106300239670729,0.25,0.0,1.0,0.0,0.0,1.0,47.368421052631575,3,630.0,630.0,3,365.0,0.75,1.0,True,45.0,8.75,0.3062644934558789,0.1346153846153846,,,45.0,,0.25,0.5,0.1470728844562527,0.06530158146042331,0.08408577435355732,0.4342310140103073,0.019308745719459404
Rancho Palos Verdes,73,True,Other Cities,33.7532897260274,-118.37357479452055,0.6867391304347826,0.36,12.082191780821917,0.4931506849315068,39.75748332439519,36.222575573958515,43.75575281353103,43.103713733711416,0.8284586165513312,0.0425971101519985,0.136986301369863,0.3424657534246575,0.6301369863013698,0.4383561643835616,3.0,25.320512820512818,46,8567.0,2642.5,46,134.0,0.1232876712328767,3.2420056764427625,False,175.0,420.0,1.2046664232913469,0.5736406817083571,320.5,,89.0,,0.3698630136986301,0.3150684931506849,0.07896408833906951,0.17998383441894303,0.17591215891012565,0.2440819807308793,0.11557848554618799
Rancho Park,30,True,City of Los Angeles,34.03468133333333,-118.42685333333334,1.1168421052631579,0.32,23.8,0.5,11.014542818350467,17.14994366943027,13.358014138254577,52.90092356902005,6.5824565141412545,0.06888888888888886,0.23333333333333334,0.4666666666666667,0.5,0.5666666666666667,30.0,33.333333333333336,19,13029.0,2904.0,19,172.0,0.23333333333333334,4.4865702479338845,False,91.0,75.0,0.9186710363898866,0.3973859844271413,135.0,,63.5,25.0,0.36666666666666664,0.43333333333333335,0.10518570570540144,0.18456527094439734,0.10208302701337289,0.3275563539521631,0.1472763090513319
Redondo Beach,342,False,Other Cities,33.85286611111111,-118.37999611111111,1.17773851590106,0.44,39.57017543859649,0.5497076023391813,28.378232524759873,26.340131224335213,32.26597065214255,43.0470742363931,2.2311479480841303,0.004668103006053144,0.014619883040935672,0.06140350877192982,0.3654970760233918,0.14327485380116958,2.0,35.9621451104101,283,3416.0,2025.0,283,259.5,0.3362573099415205,1.6869135802469135,True,121.5,115.0,1.5198071186825335,0.45646813482914134,175.0,,78.5,,0.17251461988304093,0.4619883040935672,0.1398639949355185,0.1887343608082379,0.17488068906779003,0.29398058306871905,0.11482107387412052
Reseda,112,False,City of Los Angeles,34.20354294642857,-118.53862857142857,1.5028409090909092,1.125,34.098214285714285,0.5267857142857143,21.732896946720302,32.12681688183121,18.702901693139257,72.01851229212875,18.429210239298556,0.016741071428571425,0.125,0.1875,0.44642857142857145,0.3125,3.0,28.26272999572101,88,4889.0,2402.75,88,193.5,0.19642857142857142,2.03475184684216,False,74.5,100.5,2.909151160940119,0.5960762271101961,105.0,,50.0,34.0,0.21428571428571427,0.30357142857142855,0.11011337993942268,0.194156146673645,0.1594089846876431,0.2399449852916881,0.126733646264744
Ridge Route,1,True,Unincorporated Areas,34.73318,-118.60605,4.62,4.62,68.0,1.0,74.34800484062302,82.57970511621062,70.10934378752306,120.31271748757987,77.14736064566752,1.0,0.0,1.0,0.0,0.0,1.0,14.718614718614718,1,2652.0,2652.0,1,197.0,0.0,1.0,False,78.0,0.0,,,78.0,,,,0.0,0.0,0.025601423217857678,0.16629493942527399,0.0,0.3297548259726134,0.47834881138425495
Rolling Hills,5,True,Other Cities,33.769136,-118.349212,1.464,1.83,41.8,1.0,36.80175208795213,33.225174201396605,40.82025562840852,40.28840427016589,3.613352732741843,0.20000000000000004,0.0,1.0,0.0,0.2,3.0,30.601092896174862,5,10500.0,10500.0,5,90.0,0.2,1.0,False,495.0,507.0,1.7927312984259929,0.6853921803789877,495.0,,,,0.0,0.4,0.08111078769453858,0.2600907184546955,0.17782690614965482,0.32800938773435195,0.1529621999667592
Rolling Hills Estates,7,True,Other Cities,33.779471428571426,-118.34607428571428,1.28,0.485,33.857142857142854,0.7142857142857143,36.28094423774994,31.921142413372642,40.386700114296744,39.10710071614724,5.0271960733115355,0.14285714285714285,0.0,0.7142857142857143,0.0,0.42857142857142855,3.0,16.964285714285715,6,24267.5,3564.0,6,192.0,0.14285714285714285,6.809062850729517,False,194.0,83.0,0.4552358488191724,0.2107686404911114,200.0,,54.5,,0.14285714285714285,0.5714285714285714,0.23302643414842286,0.08017266968816324,0.12998580752161878,0.29849663974232704,0.25831844889946814
Rosemead,85,True,Other Cities,34.06940870588235,-118.08076317647058,1.8824999999999998,1.225,32.588235294117645,0.32941176470588235,24.265435573236296,14.961359862558924,26.28777795090014,32.28315893271859,35.76904101485641,0.028373702422145326,0.11764705882352941,0.25882352941176473,0.7058823529411765,0.07058823529411765,1.0,15.930451127819548,72,1000.5,832.5,72,242.0,0.25882352941176473,1.2018018018018017,False,68.0,96.0,0.7803152633596624,0.372020236666095,144.5,,45.0,88.0,0.15294117647058825,0.29411764705882354,0.18570819516618625,0.1391544554292406,0.11745473307618982,0.21839820360161122,0.08046088331500738
Rowland Heights,517,False,Unincorporated Areas,33.982707388781435,-117.89955059961315,1.2171070615034167,0.73,21.25531914893617,0.3114119922630561,42.49278344037089,32.42008730287626,45.073518674751455,19.347075871755898,36.58417638222842,0.010052789302964209,0.1895551257253385,0.12379110251450677,0.8433268858800773,0.09477756286266925,2.0,17.857142857142858,439,798.0,640.0,439,193.0,0.23210831721470018,1.246875,False,53.0,59.0,1.1094028752377558,0.4135324238703704,109.0,,43.0,40.5,0.15087040618955513,0.3713733075435203,0.12820492167918676,0.1098022078544389,0.08944891205199741,0.1729559377830268,0.05664798194663059
San Dimas,40,True,Other Cities,34.09054025,-117.81992199999999,1.1896,0.94,14.225,0.35,48.04506810961965,38.96543773290407,49.65589397439595,31.479992185444026,49.40972284516224,0.046250000000000006,0.0,0.35,0.475,0.05,1.0,16.666666666666668,25,686.0,686.0,25,189.0,0.2,1.0,False,70.0,62.75,2.3500681759416255,0.6077864049223557,165.0,,55.0,,0.375,0.275,0.06047892319061195,0.12242342072512971,0.24707454523135114,0.19945345022513114,0.07056966062777609
San Fernando,9,True,Other Cities,34.29387,-118.43194555555556,2.62,2.425,68.0,0.1111111111111111,22.91068370486744,31.730107187123195,18.680455310426566,71.30686832118533,31.109005177045386,0.2839506172839506,0.0,1.0,0.6666666666666666,0.0,1.0,25.75343099698165,8,1386.25,1386.25,8,14.0,0.1111111111111111,1.0,False,48.0,40.0,0.5494347499234468,0.2782608695652174,48.0,,44.0,,0.1111111111111111,0.3333333333333333,0.08995545202289695,0.27061863690807014,0.18745143473145373,0.2389725563308225,0.10189080889564549
San Gabriel,142,False,Other Cities,34.08714542253521,-118.09677950704224,1.3846428571428573,0.74,24.309859154929576,0.38028169014084506,22.481565972699833,13.848687608717,24.303420503584256,34.48702706800819,35.71059430773849,0.024003173973417974,0.11971830985915492,0.23943661971830985,0.7112676056338029,0.07042253521126761,2.0,25.0,112,1617.5,1422.5,112,247.0,0.24647887323943662,1.1370826010544814,False,70.0,61.75,3.1408947229155735,0.5456782802075612,118.5,,50.0,20.0,0.2112676056338028,0.38028169014084506,0.12076294699714644,0.10743227605352348,0.1250034158510171,0.18909365032456094,0.09855278119628728
San Marino,15,True,Other Cities,34.12686266666667,-118.10691266666666,0.3222222222222222,0.22,3.8666666666666667,0.26666666666666666,22.40440144458761,15.467633823248628,23.318870376252143,39.50279225784403,37.52765566397684,0.09333333333333334,0.26666666666666666,0.5333333333333333,0.4666666666666667,0.26666666666666666,5.0,33.333333333333336,9,2610.0,537.5,9,222.0,0.26666666666666666,4.855813953488372,False,120.0,208.0,0.9784542959901658,0.4787741448149347,404.0,,75.0,,0.4,0.4666666666666667,0.12937956278660512,0.14124300108493534,0.2568753712269075,0.2409936019182028,0.09817512965001593
San Pasqual,22,True,Unincorporated Areas,34.13949636363636,-118.10410409090909,1.33625,0.705,24.181818181818183,0.4090909090909091,22.021640786571123,15.872559279240246,22.855845678295353,40.23588747782554,37.77170084760157,0.1363636363636363,0.5,0.6818181818181818,0.8181818181818182,0.0,3.0,14.214046822742475,16,1309.5,868.75,16,186.0,0.3181818181818182,1.5073381294964028,True,89.5,125.0,0.7030104439375736,0.34646274777853725,242.0,,75.0,,0.2727272727272727,0.3181818181818182,0.10388749118164538,0.12370301678835313,0.14172378973141483,0.4278526588839563,0.11192395250553946
San Pedro,109,False,City of Los Angeles,33.72778899082569,-118.29613871559633,1.7350574712643676,1.04,54.825688073394495,0.5963302752293578,41.78663818395963,36.75819505712696,45.93608347729799,36.0458283512831,1.3919873303480796,0.023651207810790335,0.14678899082568808,0.22935779816513763,0.41284403669724773,0.48623853211009177,10.0,34.005037783375315,87,15750.0,5100.0,87,201.0,0.1834862385321101,3.088235294117647,False,89.0,92.0,1.2334561808478381,0.4552975290035204,130.0,,67.0,442.5,0.2018348623853211,0.3211009174311927,0.10747177922782801,0.19655534661538918,0.14471546149041178,0.2925981559747669,0.11187026586591603
Santa Clarita,146,False,Other Cities,34.419039246575345,-118.51360397260274,1.4844347826086957,1.14,28.65068493150685,0.4178082191780822,38.944970580564714,47.54536830218244,34.768272159336846,87.2713878627873,42.737451094382635,0.011728279226871835,0.0136986301369863,0.14383561643835616,0.3972602739726027,0.10273972602739725,2.0,22.093023255813954,115,1600.0,1430.0,115,234.5,0.21232876712328766,1.118881118881119,False,85.0,83.5,1.10909836818451,0.42602039140819814,160.0,,60.0,35.0,0.21232876712328766,0.3150684931506849,0.09299679892983712,0.15506560461066643,0.18722514880379656,0.31297993571268734,0.1421434708471222
Santa Fe Springs,2,True,Other Cities,33.941019999999995,-118.06569999999999,0.23500000000000001,0.23500000000000001,11.0,0.0,30.94999028656556,20.58009268585733,34.394407971245045,19.720971181773823,23.65310339861242,1.0,0.0,1.0,1.0,0.0,2.0,45.925925925925924,2,535.0,535.0,2,190.0,0.5,1.0,True,50.0,5.0,0.1414213562373095,0.05,,,50.0,,0.0,0.5,0.09961734949811962,0.2803266214702442,0.19504097998333242,0.21956285151531382,0.20545219753298982
Santa Monica,1183,False,Other Cities,34.0190562975486,-118.48672905325442,1.349461009174312,0.425,33.061707523245985,0.7616229923922232,16.7241537823155,23.140530907587532,18.440275050580826,57.39627075659762,1.3173124058713912,0.012055114402471187,0.3415046491969569,0.20202874049027894,0.6314454775993238,0.6035502958579881,30.0,26.660703637447824,872,6750.0,2223.75,872,201.0,0.17666948436179206,3.0354131534569984,False,135.0,96.0,1.276379557294021,0.38906602469355506,149.0,408.0,95.0,35.0,0.2628909551986475,0.305156382079459,0.09715786620763407,0.24734781216011248,0.17248611649774784,0.26886856491824224,0.14651495720696497
Sawtelle,476,False,City of Los Angeles,34.04124575630252,-118.45492144957983,1.3368996960486321,0.8,31.529411764705884,0.5630252100840336,12.551435253330077,19.773836233139498,14.150408769081984,55.83337849431034,5.451885570757265,0.008120895416990327,0.2542016806722689,0.13025210084033614,0.5504201680672269,0.5147058823529411,30.0,32.30769230769231,329,5332.0,2625.0,329,205.0,0.2605042016806723,2.0312380952380953,False,100.0,79.0,0.9685890736022275,0.36498408216111866,135.0,,76.0,31.0,0.3088235294117647,0.37184873949579833,0.11736595799639822,0.22566027524125493,0.14710262446493472,0.27581295791530963,0.1269153272392454
Sepulveda Basin,5,True,City of Los Angeles,34.178978,-118.49110800000001,0.515,0.515,12.2,0.8,17.002173032594484,27.41044932161291,13.987401173194053,67.37337380862314,16.68191742867091,0.28,0.0,1.0,0.8,1.0,31.0,42.494089834515364,2,39649.0,6395.0,2,39.0,0.0,6.2,False,120.0,206.0,0.6388424555469954,0.29852104664391355,187.0,,120.0,,0.6,0.4,0.30552698748805956,0.049897321468477855,0.02527231811563115,0.22766603351150994,0.19163733941632152
Shadow Hills,26,True,City of Los Angeles,34.239533076923074,-118.35358846153846,1.252,0.6799999999999999,26.23076923076923,0.5,16.425402864883672,23.767881973662362,12.355597043060198,62.60630461922673,28.91121780126271,0.053254437869822494,0.0,0.34615384615384615,0.34615384615384615,0.2692307692307692,3.0,28.883219954648528,20,2377.5,1466.25,20,276.0,0.15384615384615385,1.6214833759590792,False,90.0,80.25,0.67373861314056,0.34180161943319837,130.0,,80.0,,0.23076923076923078,0.38461538461538464,0.10384244431078955,0.18294421602984132,0.24728682587027548,0.20799362194538612,0.14254827645909213
Sherman Oaks,375,False,City of Los Angeles,34.15602333333333,-118.44206709333332,1.1590333333333334,0.58,32.176,0.664,11.381697105468085,21.746811728143157,8.67326480073892,61.70382624718674,16.748158016207555,0.005397333333333334,0.09066666666666667,0.088,0.45066666666666666,0.3466666666666667,4.0,31.285919540229884,300,6638.5,2998.25,300,210.0,0.216,2.2141249061952806,False,110.0,182.0,2.3367441937509414,0.614207821638119,160.0,,70.0,20.0,0.2,0.392,0.10599225319366866,0.22929699640427237,0.1755418652881004,0.269902199697078,0.14993335208354724
Sierra Madre,25,True,Other Cities,34.166816,-118.0494752,1.2540909090909091,0.8600000000000001,20.28,0.76,27.944563470908104,22.075416658793966,28.339184114191937,41.38099441412438,44.02025891266081,0.06880000000000001,0.0,0.44,0.44,0.04,2.0,12.31761935543448,22,1567.5,1453.5,22,76.0,0.2,1.0784313725490196,False,100.0,96.0,0.6371743279985117,0.29147076923076926,125.0,,73.5,,0.12,0.28,0.21975538399600592,0.1748069401238702,0.14567363861813737,0.3086416087025982,0.11112242855938831
Signal Hill,37,True,Other Cities,33.79954081081081,-118.16679594594594,2.0921875,1.115,47.83783783783784,0.5945945945945946,37.69617521892541,29.64931205699708,41.89833390902185,22.94285927784716,5.172273698297959,0.04017531044558073,0.0,0.32432432432432434,0.4594594594594595,0.08108108108108109,2.0,25.47714450355798,32,2890.75,2191.5,32,279.0,0.21621621621621623,1.3190736938170202,False,85.0,45.0,1.2989867237962167,0.36644792087830064,110.0,,60.0,,0.13513513513513514,0.2972972972972973,0.09598383540539748,0.17127894964814822,0.11611560579214787,0.3256400316274005,0.12881941536474378
Silver Lake,498,False,City of Los Angeles,34.09133106425703,-118.2722413253012,1.5702022471910113,0.97,60.369477911646584,0.8192771084337349,6.3467811506908,5.097387674809287,9.139998608533876,44.987219333348364,21.498779796242232,0.0032983338978403564,0.02208835341365462,0.05220883534136546,0.3755020080321285,0.463855421686747,7.0,42.857142857142854,445,12600.0,6375.0,445,278.5,0.3413654618473896,1.9764705882352942,True,125.0,97.5,0.8171127780182328,0.3386204547289633,135.0,,78.0,26.5,0.10642570281124498,0.42168674698795183,0.08821248737491261,0.21962293424216592,0.13710473727719927,0.27292294952379215,0.20984773495542408
South Diamond Bar,1,True,Unincorporated Areas,33.96041,-117.84122,0.5,0.5,8.0,0.0,48.57043371775111,38.44253815167874,51.157350098426605,17.98646168601212,39.47068072988437,1.0,0.0,1.0,1.0,0.0,1.0,16.0,1,252.0,252.0,1,0.0,0.0,1.0,False,63.0,0.0,,,,,63.0,,0.0,0.0,0.0,0.0,0.9926801288532251,0.0028970295896040927,0.004422841557170689
South El Monte,6,True,Other Cities,34.04937,-118.04507333333333,2.1566666666666667,2.97,40.333333333333336,0.6666666666666666,27.786028254418742,18.244119566003633,30.05686465527542,28.88531757498268,35.430706440334376,0.16666666666666669,0.16666666666666666,0.8333333333333334,0.5,0.0,2.0,33.333333333333336,3,14694.0,14694.0,3,290.0,0.16666666666666666,1.0,False,109.5,93.75,0.5397192948677756,0.26744186046511625,154.0,,49.0,,0.5,0.16666666666666666,0.17182038083846676,0.17390677341183988,0.11494948084770616,0.24256919142220681,0.13008750681311373
South Gate,16,True,Other Cities,33.94408375,-118.203465,2.1908333333333334,1.5550000000000002,25.75,0.4375,21.282068176236454,12.534130482157789,25.344998047560388,30.392648649081327,20.013867007592296,0.109375,0.0,0.5,0.3125,0.0,1.0,20.63442674823331,12,2403.75,2403.75,12,276.5,0.1875,1.0,False,80.5,56.0,0.5803068000017074,0.29259456985967053,111.0,,65.0,69.0,0.25,0.25,0.28751378682045986,0.16253958275403554,0.18807197548704446,0.2713858287760515,0.09048882616240865
South Park,7,True,City of Los Angeles,33.99879142857143,-118.2734057142857,0.87,0.21500000000000002,10.285714285714286,0.7142857142857143,13.018141884595309,6.7241826170592995,17.201498483502167,38.74203978005026,16.72520509535263,0.18367346938775508,0.2857142857142857,0.8571428571428571,0.2857142857142857,0.7142857142857143,30.0,16.872037914691944,6,3802.5,737.5,6,186.0,0.2857142857142857,5.15593220338983,False,80.0,157.5,1.01722151845042,0.46045694200351495,90.0,,45.0,,0.14285714285714285,0.5714285714285714,0.009819723003696393,0.26894156187260854,0.07027372288348273,0.3586906975789474,0.14941715180412204
South Pasadena,84,True,Other Cities,34.11181845238095,-118.15833964285714,1.2557575757575756,0.805,37.535714285714285,0.6666666666666666,16.73718604560716,10.071488629844906,18.230863841069244,40.231111569706144,31.83458266869055,0.023242630385487524,0.0,0.21428571428571427,0.34523809523809523,0.011904761904761904,2.0,33.333333333333336,66,3116.0,2855.0,66,227.5,0.2976190476190476,1.0914185639229421,False,115.0,105.5,0.8645590219653837,0.4000464297932652,120.0,122.0,85.0,,0.21428571428571427,0.35714285714285715,0.1320052975031324,0.14390511912255405,0.16944130886383846,0.3499303343815979,0.1332893687003058
South San Gabriel,22,True,Unincorporated Areas,34.046561363636364,-118.09147681818182,2.3388235294117647,2.38,45.95454545454545,0.2727272727272727,23.754158313708984,14.001540508633163,26.2412060775955,30.6543078652686,33.66980796454653,0.09504132231404955,0.0,0.5909090909090909,0.7272727272727273,0.0,2.0,23.744292237442924,17,3300.0,3300.0,17,225.5,0.22727272727272727,1.0,False,51.0,36.0,0.5067592312318927,0.26465159206275957,102.0,,41.5,,0.22727272727272727,0.18181818181818182,0.2216008212793329,0.14693387811659078,0.09302354435785434,0.20652278594509754,0.10464624302839719
South San Jose Hills,7,True,Unincorporated Areas,34.01197142857143,-117.89757857142857,1.44,0.79,20.285714285714285,0.42857142857142855,42.671719345129,32.87947560684942,44.95678654283758,22.43150049280529,39.85008070643176,0.22448979591836732,0.14285714285714285,1.0,0.8571428571428571,0.0,2.0,12.903225806451614,7,758.5,758.5,7,307.0,0.2857142857142857,1.0,False,94.0,59.5,0.5225775337516972,0.2658959537572254,144.0,,62.5,,0.0,0.42857142857142855,0.26998538746330736,0.21445026065084036,0.09136016532190129,0.13284950327083636,0.14849754043597177
South Whittier,17,True,Unincorporated Areas,33.93399529411765,-118.02691176470589,2.8971428571428572,2.34,40.411764705882355,0.6470588235294118,34.277952224567635,23.875425217025317,37.63206236640249,16.79615472202735,24.878830145308108,0.07958477508650517,0.0,0.47058823529411764,0.4117647058823529,0.0,2.0,9.096870342771982,14,859.5,859.5,14,122.0,0.23529411764705882,1.0,False,84.0,97.0,0.8527879870214049,0.4290266271369593,111.0,,60.0,,0.17647058823529413,0.17647058823529413,0.41997653029302984,0.10810975303840203,0.10637547020135601,0.22191525418256766,0.08479946287287975
Southeast Antelope Valley,12,True,Unincorporated Areas,34.47662916666667,-117.94592583333333,1.661,1.78,43.25,0.6666666666666666,54.041359739741736,57.20407837639621,51.564227446841144,72.37139465858655,71.16059999217165,0.1527777777777778,0.0,0.75,0.75,0.0,2.0,31.467391304347828,10,5298.5,5298.5,10,158.5,0.0,1.0,False,108.0,147.5,2.6328733952723806,0.7603111526673939,164.5,,70.5,,0.16666666666666666,0.25,0.09684410625891597,0.19895146000260408,0.10234382313556316,0.33023666820334757,0.10495727573290253
Stevenson Ranch,9,True,Unincorporated Areas,34.38742333333333,-118.57733444444446,1.86,0.785,83.77777777777777,0.4444444444444444,38.589838285704246,48.22966413969465,34.56371855716805,88.16532739460831,38.73182750750988,0.16049382716049382,0.0,0.7777777777777778,0.6666666666666666,0.0,1.0,44.30817610062893,8,8117.75,8117.75,8,258.0,0.3333333333333333,1.0,True,65.0,164.0,1.0684931557701878,0.4988099711887761,382.0,,55.0,,0.1111111111111111,0.3333333333333333,0.15545014196111484,0.26530136694918,0.1359073054832112,0.2522132459541503,0.1911279396523437
Studio City,346,False,City of Los Angeles,34.14310979768786,-118.38625656069364,1.5135315985130111,0.79,39.51445086705202,0.7052023121387283,6.255688377603299,16.51955469371358,3.0438298187588435,56.61904501925516,18.280473433366467,0.005329279294329913,0.10115606936416185,0.0838150289017341,0.44508670520231214,0.3352601156069364,3.0,31.51750972762646,269,7018.0,3920.0,269,220.5,0.23699421965317918,1.7903061224489796,False,140.0,190.0,1.0954400569199154,0.48386158901181403,179.0,608.5,88.0,52.0,0.22254335260115607,0.36416184971098264,0.11919112526350008,0.23490509008332527,0.14557076286035225,0.27308271161588327,0.1318745876335865
Sun Valley,77,True,City of Los Angeles,34.21640298701299,-118.39514415584416,1.571969696969697,1.03,39.72727272727273,0.6363636363636364,13.938468438016823,23.112716051891226,9.808704241207069,63.060186381687096,24.646049018368892,0.02243211334120425,0.0,0.2077922077922078,0.42857142857142855,0.2857142857142857,2.0,23.184276956364947,66,4423.0,3325.0,66,186.0,0.18181818181818182,1.3302255639097744,False,99.0,121.0,0.8316708744046879,0.40966868918676147,125.0,,61.0,34.0,0.14285714285714285,0.38961038961038963,0.17555175893227498,0.23344959726708903,0.12281619061273376,0.25281655558670413,0.16341784565314618
Sun Village,6,True,Unincorporated Areas,34.540690000000005,-117.96755166666667,0.746,0.57,28.833333333333332,0.3333333333333333,58.680886645170084,58.77736388349545,56.18012279567196,80.19390063410819,75.82752642215189,0.5,0.0,1.0,0.6666666666666666,0.16666666666666666,1.0,41.17647058823529,5,656.0,656.0,5,234.0,0.16666666666666666,1.0,False,60.0,7.5,1.0854384221038187,0.40628706998813763,166.0,,60.0,,0.16666666666666666,0.3333333333333333,0.0663225408907155,0.19128735095243166,0.2601935723471915,0.3277569661953069,0.15443956961435448
Sunland,7,True,City of Los Angeles,34.260641428571425,-118.31764142857142,0.4633333333333334,0.385,8.714285714285714,0.7142857142857143,17.823375292608468,24.194001084615277,13.928125668782702,61.995826832982395,32.304974976001596,0.14285714285714285,0.0,0.7142857142857143,0.0,0.14285714285714285,2.0,12.227602905569007,6,430.0,312.5,6,185.0,0.2857142857142857,1.376,False,85.0,15.0,0.1570880948096416,0.08130081300813008,85.0,,92.5,,0.14285714285714285,0.42857142857142855,0.0871251850108181,0.1658456646941239,0.14169339397408207,0.24238405311895697,0.07723741748773327
Sylmar,27,True,City of Los Angeles,34.30568814814815,-118.44289851851852,1.4808333333333332,1.1800000000000002,31.37037037037037,0.3333333333333333,24.561684247522084,33.38150211183417,20.38800438884406,72.78699458763866,32.14507277291857,0.05624142661179697,0.0,0.4074074074074074,0.4074074074074074,0.37037037037037035,2.0,20.31858086704679,24,3711.0,2315.0,24,132.0,0.18518518518518517,1.603023758099352,False,51.0,57.0,0.8636139232782366,0.3868276258520161,117.0,,45.0,,0.1111111111111111,0.2962962962962963,0.21160352362175802,0.1708116231847301,0.25483065494359913,0.26369729290321275,0.09905690534669999
Tarzana,125,False,City of Los Angeles,34.17149504,-118.54410567999999,1.122142857142857,0.66,23.48,0.608,20.23444935675736,30.58871178231634,17.755572760302595,70.03143620064051,15.359923091669783,0.012864,0.048,0.152,0.376,0.456,7.0,25.0,98,6600.0,2865.0,98,186.0,0.192,2.303664921465969,False,109.0,132.0,1.5140238800755261,0.5723295529887985,159.0,,70.0,47.5,0.216,0.352,0.12184963875289714,0.1947098947144493,0.23930250642511036,0.23953478383073262,0.10860317627681057
Temple City,142,False,Other Cities,34.103122816901404,-118.05902387323943,1.0233333333333332,0.61,17.725352112676056,0.2605633802816901,25.762394567637315,17.782493261420974,27.1870791475693,34.76567441529863,39.81391425834504,0.023209680618924807,0.13380281690140844,0.2605633802816901,0.6690140845070423,0.14084507042253522,3.0,20.11904761904762,108,754.25,478.0,108,246.5,0.19718309859154928,1.577928870292887,False,57.0,59.5,0.5940486743772166,0.30363198275628206,138.0,,53.0,69.0,0.23943661971830985,0.43661971830985913,0.15205199803380673,0.1105653935673222,0.1435925604400962,0.19129317163910264,0.07151096082671454
Toluca Lake,66,True,City of Los Angeles,34.15491484848485,-118.36190424242425,1.6101923076923077,0.48,48.57575757575758,0.5454545454545454,6.407622211576729,15.894844843616431,2.2233520145835244,56.04830110632334,20.401404105343193,0.027089072543618004,0.12121212121212122,0.24242424242424243,0.4090909090909091,0.3333333333333333,3.0,34.891456582633054,52,4593.5,3242.75,52,307.0,0.36363636363636365,1.4165445994911725,True,124.5,130.0,1.4601722780317365,0.5411454815615291,158.0,,60.0,25.0,0.21212121212121213,0.45454545454545453,0.1680656904767432,0.14524136787273084,0.13166238292880103,0.37323911269525534,0.121185385420409
Topanga,257,False,Unincorporated Areas,34.09582303501946,-118.59998038910506,2.294931506849315,1.43,65.8988326848249,0.8404669260700389,24.006271831230816,33.145139693345826,23.356081536889032,70.06325871026898,6.550666627360723,0.008312010779875546,0.03501945525291829,0.10894941634241245,0.5252918287937743,0.0311284046692607,2.0,30.612244897959183,219,8170.5,7687.5,219,221.0,0.21011673151750973,1.062829268292683,False,200.0,224.0,1.4662248024065265,0.48221045838744503,220.0,,120.0,,0.14785992217898833,0.2529182879377432,0.10740437729606402,0.23193973372188356,0.17101429332596502,0.24980997246202588,0.13866430801896423
Torrance,295,False,Other Cities,33.83348240677966,-118.34812996610171,1.6266244725738397,0.96,42.53559322033898,0.4033898305084746,30.065019594611567,25.92597573726529,34.20467986884843,39.80084482656872,5.285689452384697,0.008491812697500718,0.1152542372881356,0.11864406779661017,0.5220338983050847,0.0711864406779661,2.0,25.0,237,2277.0,1584.0,237,233.0,0.22372881355932203,1.4375,False,77.0,84.0,2.300455011591945,0.4936957306481957,150.0,,59.5,35.0,0.19661016949152543,0.3254237288135593,0.1423806652501923,0.15133873354277091,0.17623275142963557,0.3191489560544835,0.10581414796020586
Tujunga,22,True,City of Los Angeles,34.25097727272727,-118.2811609090909,1.0327777777777778,0.46499999999999997,29.636363636363637,0.5454545454545454,17.71931233501482,22.28287226815791,14.436852804471119,59.12157461071686,33.736713661925684,0.0743801652892562,0.0,0.5,0.5454545454545454,0.3181818181818182,2.0,36.33474576271186,18,4884.0,1940.0,18,188.5,0.22727272727272727,2.5175257731958762,False,86.5,47.25,0.6107941681900709,0.2768160069595476,90.0,,70.0,,0.18181818181818182,0.36363636363636365,0.13855805458387063,0.1537078458847848,0.13621140720669997,0.29864320612279016,0.09106130438367263
Tujunga Canyons,7,True,Unincorporated Areas,34.407854285714286,-118.33346428571429,1.15,1.15,8.571428571428571,0.14285714285714285,35.30384133708718,42.632906821991455,31.11661549746592,76.7276031399834,44.78963856015853,0.30612244897959184,0.0,1.0,0.8571428571428571,0.0,2.0,20.169335233464665,2,5706.25,5656.25,2,185.0,0.42857142857142855,1.0088397790055248,True,125.0,129.0,0.7508364696116872,0.3379178797309507,125.0,,136.5,,0.7142857142857143,0.0,0.21702312514396319,0.2040976139080286,0.12133953361240297,0.26444239586908963,0.19309733146651564
Unincorporated Catalina Island,20,True,Unincorporated Areas,33.3816395,-118.365065,1.6161538461538463,1.0,2.8,0.95,79.12598834196986,74.7038057551193,83.14737808668772,63.16246332091023,0.0,0.515,0.95,1.0,0.95,0.0,1.0,1.8005540166204987,13,105.0,105.0,13,55.5,0.0,1.0,False,105.0,329.75,1.0597801796892246,0.5192963752665245,105.0,,800.0,,0.35,0.0,0.016759999913273444,0.4667365544741834,0.09815628591296142,0.09221718717739666,0.276129972522185
Unincorporated Santa Monica Mountains,125,False,Unincorporated Areas,34.074475039999996,-118.7333772,2.0632710280373834,1.66,50.744,0.824,37.28010317651042,45.719459323074084,36.805811707019465,80.03885541007018,4.687944856164056,0.015039999999999998,0.048,0.176,0.504,0.04,2.0,25.925925925925924,107,7507.5,7276.5,107,195.0,0.24,1.0317460317460319,False,375.0,500.0,2.060867884514669,0.6048025810209819,414.0,,185.0,,0.144,0.24,0.09521755690404678,0.29202874587171695,0.1613155595366583,0.24666388698098649,0.12477425070659146
Unincorporated Santa Susana Mountains,10,True,Unincorporated Areas,34.431933,-118.641696,1.91625,1.085,44.1,0.5,48.193120561445085,57.98183948846159,44.24101234767101,97.97728837361757,45.414473083283525,0.16000000000000003,0.0,0.7,0.4,0.0,1.0,23.981191222570533,8,2760.25,2760.25,8,332.5,0.3,1.0,False,106.0,57.75,1.3141115045607124,0.5058876811594203,136.0,,92.5,1000.0,0.2,0.4,0.08525066398414083,0.19956103764705832,0.22062477167929795,0.2834772775956363,0.11108624909386663
Universal City,3,True,Unincorporated Areas,34.136433333333336,-118.34745666666667,1.9533333333333331,2.1,98.33333333333333,0.6666666666666666,3.8410320754751552,13.18049248805815,0.6684345850494144,53.3555041848988,19.920526669218727,0.3333333333333333,0.0,1.0,0.3333333333333333,0.3333333333333333,1.0,41.17647058823529,3,15540.0,2590.0,3,3.0,0.0,6.0,False,220.0,303.0,0.9741308593347185,0.41478439425051333,147.0,,680.0,,0.0,0.0,0.1428517495466647,0.03462208172309007,0.0014685490320141268,0.1904815837866686,0.2972427025782291
University Park,65,True,City of Los Angeles,34.03203138461539,-118.28410523076923,1.2439473684210527,0.44000000000000006,28.4,0.27692307692307694,9.188641732748462,4.666526874482235,13.31781585289149,41.720756394204365,17.510994591501976,0.022485207100591716,0.0,0.2153846153846154,0.3076923076923077,0.5076923076923077,30.0,44.66966966966967,38,1364.75,328.0,38,365.0,0.6461538461538462,4.160823170731708,True,50.0,50.0,1.0756294711037666,0.4175007393290178,90.0,,43.0,30.0,0.4153846153846154,0.3230769230769231,0.10153644670697566,0.09947423448939997,0.10378975433311038,0.5753194255319406,0.058341677400111945
Val Verde,4,True,Unincorporated Areas,34.44681,-118.6538875,0.5333333333333333,0.63,12.5,0.5,48.004178595347604,57.76606278162186,44.038672598515234,97.74212307894494,45.46143427848389,0.375,0.0,1.0,0.5,0.0,1.5,46.66666666666667,3,588.0,588.0,3,275.5,0.5,1.0,True,83.5,26.0,0.3199650835059557,0.14473684210526316,67.0,,85.0,,0.25,0.5,0.3063367211602318,0.16470042325115497,0.08767821376890508,0.2475784887299044,0.1937061530898037
Valinda,21,True,Unincorporated Areas,34.040375714285716,-117.92910666666666,3.037894736842105,1.93,55.142857142857146,0.5714285714285714,38.53664364770413,28.99779794381747,40.69472704428753,25.617381236009837,39.634041966819424,0.0929705215419501,0.047619047619047616,0.5714285714285714,0.7142857142857143,0.047619047619047616,2.0,16.307277628032345,19,2226.5,2226.5,19,189.0,0.23809523809523808,1.0,False,57.0,28.0,0.7622121906177083,0.35417232124008563,71.0,,38.0,,0.09523809523809523,0.23809523809523808,0.45623980113036566,0.12004247262485757,0.11430980034815719,0.18246657486370013,0.0793223034138718
Valley Glen,175,False,City of Los Angeles,34.1835268,-118.41800885714285,1.9627419354838709,1.165,37.137142857142855,0.56,11.901631313086916,21.93670676701516,8.101054349250912,62.07416574250385,20.81586331126712,0.018448979591836737,0.16,0.21142857142857144,0.46285714285714286,0.3142857142857143,3.0,24.457546642416837,124,3600.0,2057.5,124,208.0,0.18857142857142858,1.7496962332928312,False,95.0,91.0,2.2210402911977343,0.565283407609791,127.0,,58.0,37.0,0.2914285714285714,0.26285714285714284,0.1447267786998301,0.24839102480083758,0.12314163851459782,0.26945118243362903,0.14000366126539115
Valley Village,128,False,City of Los Angeles,34.163998828125,-118.39658265625,1.2137373737373738,0.57,29.5859375,0.7109375,8.761958685200113,18.73475106350745,4.956825290487814,58.90626775887088,19.508510482692504,0.0166015625,0.078125,0.1796875,0.40625,0.375,3.0,27.77777777777778,99,4950.0,2700.0,99,258.0,0.328125,1.8333333333333333,True,104.0,110.0,1.116812535337501,0.4629221338652868,125.0,,65.0,35.5,0.2265625,0.4375,0.11392384991232424,0.15189583517647712,0.16536028193152993,0.315250162772186,0.11294487020748273
Van Nuys,201,False,City of Los Angeles,34.19227726368159,-118.45719910447761,1.3732191780821918,0.88,27.48258706467662,0.4626865671641791,14.755111193533521,25.00471075925454,11.244463443300646,65.14305297735442,19.906989631690937,0.013341253929358183,0.13930348258706468,0.1691542288557214,0.5124378109452736,0.30845771144278605,2.0,25.0,146,3000.0,1465.0,146,263.0,0.22388059701492538,2.04778156996587,False,75.0,72.0,1.5524143688588192,0.4742164913191262,109.0,,63.0,21.0,0.2736318407960199,0.26865671641791045,0.13866460064339936,0.2097565701311991,0.15897487418958386,0.25853383612784137,0.12959250696767774
Venice,1700,False,City of Los Angeles,33.989752929411765,-118.46511636470588,1.662952783650458,1.13,57.51764705882353,0.8276470588235294,17.165371554335636,21.923365747498224,19.564670965174678,54.15970591480131,0.47892229395412583,0.002377854671280277,0.17352941176470588,0.05764705882352941,0.5305882352941177,0.5094117647058823,30.0,35.71428571428571,1419,17865.0,9873.5,1419,223.0,0.2023529411764706,1.8093887679141136,False,170.0,175.0,1.7338539457882973,0.45178487983701304,196.0,208.0,88.5,50.0,0.1652941176470588,0.40647058823529414,0.10996442048072655,0.25537397076959945,0.15301889572599853,0.24890504387433784,0.1597964926787494
Vermont Knolls,20,True,City of Los Angeles,33.966242,-118.29372349999998,2.5225,2.7,31.85,0.1,15.857145016988088,11.033690634008645,20.09790915064607,38.446044276038194,13.49057112423754,0.21000000000000005,0.0,0.75,0.7,0.2,1.5,6.576305220883535,12,1525.5,1525.5,12,62.0,0.0,1.0,False,42.0,66.5,1.2917370737927059,0.5815536892621476,206.0,,55.0,16.0,0.4,0.15,0.2626306987012035,0.13101043927896266,0.1534886959202606,0.1699832276047018,0.18288693849487148
Vermont Square,74,True,City of Los Angeles,34.00186554054054,-118.29914013513513,1.688909090909091,1.09,24.68918918918919,0.2702702702702703,11.715970819682262,7.852637141322328,15.942101327249926,41.072862755638134,14.789739808321784,0.0383491599707816,0.10810810810810811,0.33783783783783783,0.5945945945945946,0.3108108108108108,2.0,11.11111111111111,55,612.5,410.0,55,192.5,0.13513513513513514,1.4939024390243902,False,55.0,45.25,1.0179395880135096,0.3863920397630246,110.0,,49.0,24.0,0.25675675675675674,0.20270270270270271,0.18678360864363722,0.11130542488651644,0.06862305837315463,0.40166952814221635,0.09648324481934022
Vermont Vista,5,True,City of Los Angeles,33.939276,-118.28819200000001,4.1000000000000005,4.51,67.2,0.4,18.907166011208837,13.543996974010403,23.147402964985766,36.68528229871691,12.879279376394896,0.20000000000000004,0.0,1.0,0.0,0.0,1.0,16.772151898734176,3,4346.0,4346.0,3,186.0,0.2,1.0,False,77.0,37.0,0.4065981625851414,0.2,96.0,,45.0,,0.4,0.2,0.0976881327427187,0.17082271426023604,0.11460740401293953,0.3200036390674686,0.0968781099166371
Vermont-Slauson,13,True,City of Los Angeles,33.98266692307693,-118.29169923076923,1.667777777777778,1.16,14.923076923076923,0.5384615384615384,14.136332803378474,8.938295153754297,18.372676291020035,39.227882160144524,14.694364881393334,0.08875739644970415,0.0,0.46153846153846156,0.3076923076923077,0.3076923076923077,2.0,11.206896551724139,9,1250.0,1250.0,9,270.0,0.15384615384615385,1.0,False,60.0,70.0,0.9209038522041962,0.4327833050230527,120.0,,50.0,20.5,0.3076923076923077,0.07692307692307693,0.2360575834599069,0.18290113637272798,0.0965315813571695,0.28595347100067114,0.12163315088644758
Vernon,2,True,Other Cities,34.012119999999996,-118.238595,3.3600000000000003,3.3600000000000003,80.5,1.0,13.647912170809773,4.639708912413408,17.55111917779056,36.93866132667189,20.455572414940278,0.5,0.0,1.0,1.0,0.0,2.5,20.477714556661923,2,9647.5,9647.5,2,285.0,0.0,1.0,False,120.5,13.5,0.15843886383433017,0.056016597510373446,120.5,,,,0.0,0.0,0.0,0.30908053065463026,0.09803654964586744,0.12526303093010216,0.4676198887694001
Veterans Administration,13,True,Unincorporated Areas,34.05796769230769,-118.45331076923077,0.8700000000000001,0.37,1.9230769230769231,0.6153846153846154,11.256828288881774,19.307359000598396,12.503282172414362,56.502897959088145,7.049679138168455,0.1124260355029586,0.38461538461538464,0.5384615384615384,0.5384615384615384,0.38461538461538464,4.0,27.284946236559144,6,387.5,387.5,6,284.0,0.23076923076923078,1.0,False,106.0,104.0,0.561939376956413,0.3066147859922179,134.5,,77.5,30.0,0.5384615384615384,0.23076923076923078,0.06158712503708193,0.13035424784310404,0.11423574088674507,0.21660958529356938,0.1695209932471919
View Park-Windsor Hills,75,True,Unincorporated Areas,33.99593333333333,-118.34603746666667,2.0916923076923077,1.43,50.21333333333333,0.6,11.593607204137033,11.241772727075547,15.6878664904149,44.375674179541974,10.96139807817823,0.01973333333333334,0.0,0.16,0.5066666666666667,0.13333333333333333,2.0,28.57142857142857,65,3450.0,2465.0,65,243.0,0.2,1.3995943204868153,False,100.0,95.0,1.0127401701282532,0.41949272833042467,145.0,,73.5,,0.13333333333333333,0.3466666666666667,0.1782071968656462,0.11753564006757174,0.1670058639838472,0.2244607206668235,0.12612391174944476
Vincent,4,True,Unincorporated Areas,34.09754,-117.9233875,0.21000000000000002,0.165,10.5,0.75,38.29830587860425,29.707005564286746,39.80833334291586,31.739899934632987,45.28081338216023,0.375,0.0,1.0,0.5,0.0,6.0,44.285714285714285,4,1246.0,802.5,4,107.5,0.0,1.5526479750778817,False,85.0,43.0,0.47729221378440045,0.23053892215568864,98.0,,35.0,,0.0,0.5,0.3759554854722209,0.1505573302862241,0.13570540010120824,0.2515907592481654,0.08619102489218144
Walnut,79,True,Other Cities,34.02802063291139,-117.86358215189874,0.6693220338983051,0.5,9.49367088607595,0.24050632911392406,44.80298578440023,35.10207597455058,46.961408307658516,24.921285717221714,42.84780688748502,0.026438070821983652,0.0,0.24050632911392406,0.6708860759493671,0.0379746835443038,1.0,17.5,59,300.0,300.0,59,280.0,0.3924050632911392,1.0,True,75.0,88.0,1.1307388279092574,0.4948131790562132,200.0,,60.0,161.5,0.25316455696202533,0.46835443037974683,0.17285114428143364,0.10069920321022069,0.09584464563225342,0.1715820860143822,0.07927608541867205
Watts,27,True,City of Los Angeles,33.93820592592593,-118.23350111111111,1.1456521739130436,0.84,21.555555555555557,0.2222222222222222,20.732431229051773,12.932877715559352,24.902015194506156,32.17648478967906,17.407559670333743,0.5692729766803839,0.7407407407407407,1.0,0.9259259259259259,0.7407407407407407,30.0,24.489795918367346,23,6000.0,1000.0,23,0.0,0.0,6.0,False,20.0,25.0,0.9322774286891368,0.3900515620260843,77.0,,65.0,20.0,0.14814814814814814,0.4074074074074074,0.11036945754689798,0.2400994775648964,0.10046153547326162,0.21978124643885477,0.18114013482794106
West Adams,81,True,City of Los Angeles,34.029191851851856,-118.35283049382716,1.7921917808219177,1.03,43.95061728395062,0.7530864197530864,8.199593922551703,10.430465427119318,12.13281511407639,46.63713220187683,11.876875048029548,0.01783264746227708,0.06172839506172839,0.1728395061728395,0.3950617283950617,0.5432098765432098,30.0,26.511627906976745,73,9300.0,2975.0,73,227.0,0.2962962962962963,3.1260504201680672,False,85.0,50.0,0.7480656451668081,0.3369622147399925,98.0,,55.0,47.0,0.09876543209876543,0.37037037037037035,0.10993783097010164,0.25190218165673955,0.13381220830793875,0.25448159556484384,0.15110075140161078
West Carson,32,True,Unincorporated Areas,33.8207975,-118.291505,0.8992,0.51,21.71875,0.4375,32.21697323002141,26.92893411527713,36.41770303084499,34.41452928927686,9.986791680083542,0.05078125,0.0,0.375,0.46875,0.125,2.0,21.611721611721613,25,1638.0,1080.0,25,269.0,0.21875,1.5166666666666666,False,65.0,75.25,0.8162354069387098,0.3915094339622642,120.0,,49.0,,0.21875,0.375,0.15427246754425322,0.1834730432433827,0.16133000202005202,0.28670385857912944,0.08922062861318261
West Compton,6,True,Unincorporated Areas,33.89486,-118.26232,1.4949999999999999,0.9299999999999999,7.0,0.0,24.081358623421536,17.76541732058033,28.32135854173231,32.95497715785834,13.815409986689886,0.22222222222222227,0.0,1.0,0.5,0.3333333333333333,1.5,9.87930485961982,4,440.75,260.75,4,186.0,0.16666666666666666,1.6903163950143816,False,48.5,23.25,0.4124996211704834,0.20662460567823343,,,50.0,36.0,0.3333333333333333,0.16666666666666666,0.2800758365478398,0.12095927659130272,0.285437654798672,0.19754865654570744,0.11597857551647801
West Covina,116,False,Other Cities,34.04591103448276,-117.90182,0.9081720430107526,0.57,14.39655172413793,0.3275862068965517,40.80931238512375,31.52901333529823,42.83236592796974,27.195773765683334,41.95902093377037,0.02021403091557668,0.0603448275862069,0.19827586206896552,0.6724137931034483,0.07758620689655173,2.0,14.444444444444445,93,462.0,420.0,93,284.5,0.2413793103448276,1.1,False,65.5,66.5,0.9653811520933052,0.42155805180248046,173.5,,45.0,,0.19827586206896552,0.4051724137931034,0.18662248253976524,0.1181721287780394,0.141933027611832,0.20130306307836174,0.07610722902648441
West Hills,76,True,City of Los Angeles,34.20612157894737,-118.62882263157896,1.3483870967741935,0.825,27.81578947368421,0.5263157894736842,28.81414240123573,39.1701487785895,26.275032864485652,78.73519561730801,18.61502436576474,0.024584487534626033,0.02631578947368421,0.2236842105263158,0.5526315789473685,0.27631578947368424,3.0,23.475206190815598,62,3750.0,2276.0,62,234.5,0.19736842105263158,1.647627416520211,False,99.5,101.5,3.155476722497763,0.6118363074715754,142.0,,75.0,39.0,0.18421052631578946,0.25,0.15830935295849538,0.20782482539140484,0.22467598189576707,0.2531574486829564,0.10340081212400787
West Hollywood,632,False,Other Cities,34.089474920886076,-118.36879280063292,1.2038271604938273,0.55,30.085443037974684,0.7515822784810127,3.0895696739402103,12.384870806265635,5.545919697666736,51.79743722281876,14.748602337367428,0.0038054798910431013,0.1060126582278481,0.07436708860759493,0.509493670886076,0.4208860759493671,5.0,33.333333333333336,486,5865.0,2767.25,486,205.5,0.2579113924050633,2.119432649742524,False,129.0,100.0,2.2510835861464074,0.4610117873165797,145.0,,79.5,75.0,0.2310126582278481,0.4050632911392405,0.09666436006708878,0.22078909029774027,0.13325534606749412,0.2398799075361541,0.22396825805683923
West Los Angeles,157,False,City of Los Angeles,34.04731439490446,-118.43062375796177,0.9420967741935484,0.5,23.0828025477707,0.5668789808917197,10.420515941632635,17.371832709789235,12.483660213555735,54.00148211482905,7.290976991351412,0.06738610085601848,0.5477707006369427,0.4968152866242038,0.7261146496815286,0.6942675159235668,30.0,33.8678844519966,124,9147.5,2625.0,124,96.0,0.15286624203821655,3.4847619047619047,False,88.0,65.0,2.174484431988826,0.5064627700683112,110.0,,75.0,25.0,0.21019108280254778,0.37579617834394907,0.09033603403633346,0.18615072602948324,0.12471591589288708,0.3581798853165509,0.17055374445722946
West Puente Valley,9,True,Unincorporated Areas,34.055955555555556,-117.97044333333332,0.8742857142857142,0.67,18.555555555555557,0.2222222222222222,34.31117641396701,25.109443455502415,36.24903800933765,27.801749071931486,39.03511594934511,0.18518518518518517,0.0,0.7777777777777778,0.4444444444444444,0.1111111111111111,2.0,36.36363636363637,7,2100.0,1683.0,7,276.0,0.1111111111111111,1.2477718360071302,False,55.0,25.0,1.0642830369452791,0.46161182641869336,295.5,,48.0,48.0,0.2222222222222222,0.4444444444444444,0.1484950956502168,0.07485683777703124,0.0714985470630892,0.11145291609378107,0.038141047860326176
West Whittier-Los Nietos,6,True,Unincorporated Areas,33.977905,-118.06282,1.3625,0.95,15.5,0.5,29.144224022168288,18.739870882965974,32.341757952420565,22.544154877088413,27.801959196515284,0.22222222222222227,0.0,1.0,0.5,0.16666666666666666,2.5,28.455790784557912,4,5235.25,5235.25,4,242.5,0.3333333333333333,1.0,True,105.0,126.5,0.8208669080707433,0.3987823439878234,225.0,,109.0,45.5,0.3333333333333333,0.3333333333333333,0.10298671231771404,0.15469747288284075,0.11601609710193783,0.3943330796178164,0.231966638079691
Westchester,227,False,City of Los Angeles,33.96275383259912,-118.3985222907489,1.5211046511627906,0.99,33.75330396475771,0.5814977973568282,16.699053337809193,17.841917011698104,20.22429324741414,47.17202133801786,4.684588063823731,0.017562925731141685,0.20704845814977973,0.2290748898678414,0.44933920704845814,0.3568281938325991,3.0,23.221180364037508,172,3342.25,1395.0,172,275.0,0.24669603524229075,2.3958781362007167,False,100.0,88.5,1.0158941456624009,0.4139305167726825,139.5,,74.5,32.0,0.2422907488986784,0.33480176211453744,0.09470144200881679,0.15371282790334945,0.10683091901701985,0.5116901838970345,0.07139061836320676
Westlake,506,False,City of Los Angeles,34.058291956521735,-118.26979553359683,1.6899736147757256,1.04,27.484189723320156,0.733201581027668,8.682036051142681,2.1212060603530194,12.34057936305792,41.78212801110131,20.30104330724417,0.007670796294271118,0.2075098814229249,0.1324110671936759,0.5790513833992095,0.40711462450592883,3.0,19.528619528619526,379,2812.0,1641.5,379,282.0,0.33794466403162055,1.7130673164788304,True,100.0,80.0,0.9313856348136358,0.3794373713401206,120.0,55.0,55.0,27.5,0.2509881422924901,0.3221343873517787,0.11087359983137297,0.2470076115015809,0.13044094064273928,0.2708388484310937,0.18747931579874672
Westlake Village,11,True,Other Cities,34.14080545454545,-118.81344727272727,1.31125,1.045,15.363636363636363,0.7272727272727273,43.8560123439813,53.42802926422622,42.46098480863737,90.05988740886752,14.862277784232674,0.09090909090909091,0.0,0.45454545454545453,0.0,0.0,2.0,17.837275445971095,8,1465.0,1465.0,8,276.0,0.2727272727272727,1.0,False,241.0,924.5,1.0024718024342487,0.498850783281921,595.5,,100.0,,0.2727272727272727,0.18181818181818182,0.0590371719428994,0.15441613746029062,0.10021119244708615,0.2720713710506855,0.14153685437176552
Westmont,31,True,Unincorporated Areas,33.94076741935484,-118.30204709677419,2.0915384615384616,1.245,26.612903225806452,0.41935483870967744,18.191109118657174,13.89802781152209,22.406846428402677,38.10490584105661,12.194414291044895,0.08844953173777316,0.0,0.5161290322580645,0.5483870967741935,0.03225806451612903,2.0,7.796813115962053,26,396.5,396.5,26,231.0,0.1935483870967742,1.0,False,75.0,102.0,1.0005279839065913,0.4380495459341492,168.0,,50.0,,0.16129032258064516,0.1935483870967742,0.14893085549442273,0.10336645568115833,0.14998749168312012,0.4105355510763636,0.15492158154880625
Westwood,473,False,City of Los Angeles,34.06136585623679,-118.44185236786468,0.9181147540983606,0.52,20.75475687103594,0.642706131078224,10.528839947616193,18.424667311588138,11.882816716529707,55.62631451773782,7.721115575670897,0.015040517769265493,0.39323467230443976,0.20507399577167018,0.6723044397463002,0.5243128964059197,30.0,25.0,366,4725.0,1993.75,366,204.0,0.21987315010570824,2.3699059561128526,False,138.0,113.0,2.565083407014977,0.4757383983920803,168.5,89.0,80.0,45.0,0.226215644820296,0.4312896405919662,0.0839832120717734,0.19936820906284433,0.14079013184635744,0.3537478259950988,0.13754402482942288
Whittier,63,True,Other Cities,33.9777,-118.03433412698413,2.1443137254901963,2.0,55.58730158730159,0.6349206349206349,31.098853712535362,20.695968685635428,34.17542473752192,21.41895307333043,29.129793994922224,0.02544721592340639,0.0,0.23809523809523808,0.3333333333333333,0.047619047619047616,2.0,33.05084745762712,51,4838.0,4838.0,51,268.0,0.2222222222222222,1.0,False,90.0,82.5,3.0328168021051893,0.6389140942692816,119.0,,51.5,90.0,0.19047619047619047,0.19047619047619047,0.11370150518819072,0.13487366899278677,0.159200757273805,0.30861886864437127,0.10900202529767157
Whittier Narrows,1,True,Unincorporated Areas,34.04058,-118.06511,,,0.0,0.0,26.212848683468394,16.43611036718055,28.677208441639706,28.76089010502073,33.78241729021562,1.0,1.0,1.0,1.0,1.0,30.0,,0,,,0,37.0,0.0,,False,33.0,0.0,,,,,33.0,,1.0,0.0,0.06117784043775819,0.2879565620878062,0.23855731033748434,0.2270502340093291,0.18525805312762222
Willowbrook,12,True,Unincorporated Areas,33.9204125,-118.26238583333333,1.043,0.48,18.333333333333332,0.4166666666666667,21.403612836687465,14.959092514367747,25.63046703145421,33.413204542984644,14.48704876590169,0.125,0.0,0.6666666666666666,0.6666666666666666,0.08333333333333333,2.5,15.470383275261323,10,1770.0,750.0,10,303.0,0.3333333333333333,2.36,True,62.0,128.0,1.0580922346803558,0.4915193987406053,200.0,,60.0,30.0,0.16666666666666666,0.3333333333333333,0.09180716875287653,0.16951894158974448,0.11233104491095298,0.45430259447931004,0.08870691693378258
Wilmington,31,True,City of Los Angeles,33.77735677419355,-118.26081064516129,2.5216129032258063,1.76,57.61290322580645,0.22580645161290322,37.17537520116196,31.17103656856091,41.39795448544652,31.89635348062529,4.963710597529162,0.473465140478668,0.6774193548387096,0.8709677419354839,0.8064516129032258,0.0967741935483871,1.0,24.137931034482758,31,1694.0,1680.0,31,40.0,0.06451612903225806,1.0083333333333333,False,70.0,14.0,0.26584808543507193,0.11745973073259501,65.0,77.0,63.5,,0.0,0.2903225806451613,0.08073502828623405,0.22120724157815505,0.16452044081854725,0.32776783531200093,0.17351138948893371
Windsor Square,37,True,City of Los Angeles,34.071014594594594,-118.31993594594594,0.6509677419354839,0.3,15.18918918918919,0.5945945945945946,3.802166194955209,7.277676510490871,8.038330848305115,46.898792871511475,16.797000282944417,0.05332359386413442,0.1891891891891892,0.3783783783783784,0.4864864864864865,0.40540540540540543,5.0,25.0,31,4464.0,1364.0,31,186.0,0.13513513513513514,3.272727272727273,False,104.0,149.0,3.2753880210836264,0.7742060193124938,167.0,,82.5,46.0,0.16216216216216217,0.5675675675675675,0.10538382330790326,0.14146966197629476,0.24802832128740962,0.26623835862541967,0.18482578074891862
Winnetka,74,True,City of Los Angeles,34.208264459459464,-118.57466851351352,1.1407017543859648,0.35,16.986486486486488,0.3918918918918919,24.771902795538885,35.1835825869084,21.880075639001255,74.92144286662554,18.82966730589459,0.027027027027027032,0.0,0.25675675675675674,0.527027027027027,0.33783783783783783,3.0,17.64705882352941,57,1650.0,1122.0,57,136.0,0.1891891891891892,1.4705882352941178,False,79.5,83.25,0.7763293778491732,0.3710385008585523,140.0,,60.0,30.0,0.22972972972972974,0.3783783783783784,0.15806877333334063,0.1674365217034133,0.22322757200853463,0.2484372025611388,0.10823533579897808
Woodland Hills,290,False,City of Los Angeles,34.16792431034483,-118.60600093103449,1.2325221238938053,0.67,29.658620689655173,0.5655172413793104,25.33537562300768,35.57836958505237,23.311934928852715,74.51250603230855,14.420807621812326,0.008632580261593338,0.1,0.12413793103448276,0.5206896551724138,0.32413793103448274,3.0,26.99843260188088,226,5152.5,2725.0,226,186.0,0.16896551724137931,1.8908256880733945,False,95.0,132.0,2.5177781638622925,0.5876692696908543,156.5,,68.0,60.0,0.2206896551724138,0.2793103448275862,0.10945874255482607,0.2719591207308033,0.17963687817242108,0.2405359418088115,0.12254724776762083
